PLAYER_ID,SEASON_ID,LEAGUE_ID,TEAM_ID,TEAM_ABBREVIATION,PLAYER_AGE,GP,GS,MIN,FGM,FGA,FG_PCT,FG3M,FG3A,FG3_PCT,FTM,FTA,FT_PCT,OREB,DREB,REB,AST,STL,BLK,TOV,PF,PTS
708,2014-15,00,1610612751,BKN,39.0,42,42,854.0,125,275,0.455,1,6,0.167,34,41,0.829,46,239,285,69,41,13,45,96,285
708,2014-15,00,1610612750,MIN,39.0,5,5,98.0,18,31,0.581,0,1,0.0,2,4,0.5,2,24,26,8,5,4,1,13,38
708,2014-15,00,0,TOT,39.0,47,47,952.0,143,306,0.467,1,7,0.143,36,45,0.8,48,263,311,77,46,17,46,109,323
977,2014-15,00,1610612747,LAL,36.0,35,35,1207.0,266,713,0.373,54,184,0.293,196,241,0.813,26,173,199,197,47,7,128,65,782
1495,2014-15,00,1610612759,SAS,39.0,77,77,2227.0,419,819,0.512,2,7,0.286,230,311,0.74,170,534,704,230,63,151,131,165,1070
1713,2014-15,00,1610612763,MEM,38.0,66,1,1091.0,135,406,0.333,69,232,0.297,45,57,0.789,27,106,133,79,43,14,43,102,384
1717,2014-15,00,1610612742,DAL,37.0,77,77,2282.0,487,1062,0.459,104,274,0.38,255,289,0.882,44,413,457,143,39,33,82,160,1333
1718,2014-15,00,1610612764,WAS,37.0,73,73,1914.0,293,656,0.447,118,303,0.389,164,210,0.781,45,249,294,144,46,24,92,160,868
1737,2014-15,00,1610612741,CHI,37.0,23,0,128.0,13,30,0.433,0,0,0.0,1,3,0.333,11,27,38,3,4,5,7,16,27
1882,2014-15,00,1610612737,ATL,36.0,36,4,486.0,42,95,0.442,0,1,0.0,12,23,0.522,28,72,100,22,17,25,18,54,96
1889,2014-15,00,1610612764,WAS,39.0,51,0,631.0,77,142,0.542,1,8,0.125,28,39,0.718,21,56,77,143,14,2,46,56,183
1889,2014-15,00,1610612758,SAC,39.0,30,0,622.0,68,148,0.459,6,26,0.231,30,38,0.789,16,60,76,141,18,4,58,47,172
1889,2014-15,00,0,TOT,39.0,81,0,1253.0,145,290,0.5,7,34,0.206,58,77,0.753,37,116,153,284,32,6,104,103,355
1890,2014-15,00,1610612739,CLE,37.0,57,24,1101.0,119,267,0.446,12,46,0.261,26,34,0.765,64,138,202,51,27,27,33,58,276
1891,2014-15,00,1610612745,HOU,37.0,77,18,1641.0,188,446,0.422,126,323,0.39,39,48,0.813,15,106,121,147,66,19,74,116,541
1905,2014-15,00,1610612751,BKN,34.0,7,0,36.0,0,5,0.0,0,0,0.0,3,4,0.75,2,6,8,1,1,0,1,1,3
1938,2014-15,00,1610612759,SAS,37.0,70,0,1587.0,251,589,0.426,89,258,0.345,147,204,0.721,28,183,211,293,67,20,154,138,738
2030,2014-15,00,1610612749,MIL,37.0,11,0,104.0,9,22,0.409,0,0,0.0,2,2,1.0,6,13,19,5,5,6,3,13,20
2034,2014-15,00,1610612739,CLE,35.0,52,15,701.0,37,114,0.325,32,98,0.327,3,4,0.75,4,87,91,46,14,4,23,74,109
2037,2014-15,00,1610612746,LAC,35.0,64,4,1703.0,332,839,0.396,119,364,0.327,227,252,0.901,18,106,124,158,59,14,92,108,1010
2045,2014-15,00,1610612746,LAC,36.0,62,2,705.0,83,188,0.441,60,139,0.432,6,11,0.545,5,94,99,37,19,7,29,66,232
2199,2014-15,00,1610612742,DAL,32.0,75,75,2286.0,293,440,0.666,0,0,0.0,185,257,0.72,294,570,864,84,42,91,105,169,771
2200,2014-15,00,1610612741,CHI,34.0,78,78,2681.0,570,1153,0.494,12,26,0.462,294,366,0.803,220,699,919,210,25,147,158,147,1446
2202,2014-15,00,1610612755,PHI,34.0,19,15,416.0,62,178,0.348,31,96,0.323,17,22,0.773,13,53,66,38,13,3,16,28,172
2207,2014-15,00,1610612751,BKN,34.0,80,80,2791.0,446,1025,0.435,121,337,0.359,141,176,0.801,53,331,384,292,59,14,137,120,1154
2210,2014-15,00,1610612742,DAL,35.0,74,18,1244.0,144,324,0.444,66,155,0.426,78,114,0.684,25,158,183,61,32,11,52,115,432
2216,2014-15,00,1610612763,MEM,33.0,71,71,2304.0,454,932,0.487,7,20,0.35,228,298,0.765,225,522,747,153,69,14,156,175,1143
2217,2014-15,00,1610612739,CLE,35.0,22,1,119.0,14,30,0.467,0,0,0.0,7,13,0.538,6,23,29,2,2,10,10,17,35
2222,2014-15,00,1610612738,BOS,32.0,32,0,286.0,14,34,0.412,1,3,0.333,6,15,0.4,17,40,57,11,15,4,18,19,35
2223,2014-15,00,1610612752,NYK,35.0,32,21,544.0,57,130,0.438,0,0,0.0,14,20,0.7,53,115,168,29,14,41,39,70,128
2225,2014-15,00,1610612759,SAS,33.0,68,68,1953.0,404,832,0.486,38,89,0.427,130,166,0.783,15,114,129,335,44,2,146,108,976
2365,2014-15,00,1610612748,MIA,36.0,60,20,1132.0,120,207,0.58,4,13,0.308,76,114,0.667,76,223,299,43,26,61,40,88,320
2399,2014-15,00,1610612741,CHI,34.0,63,63,1838.0,209,481,0.435,107,263,0.407,70,87,0.805,28,220,248,114,39,21,60,123,595
2400,2014-15,00,1610612764,WAS,33.0,51,7,864.0,110,276,0.399,23,59,0.39,34,44,0.773,72,151,223,49,21,9,28,91,277
2403,2014-15,00,1610612764,WAS,32.0,67,58,1694.0,307,601,0.511,1,5,0.2,122,202,0.604,84,261,345,123,66,22,124,180,737
2405,2014-15,00,1610612752,NYK,32.0,36,14,865.0,169,311,0.543,0,3,0.0,94,127,0.74,83,162,245,37,20,34,63,111,432
2405,2014-15,00,1610612742,DAL,32.0,23,1,380.0,104,179,0.581,0,1,0.0,40,59,0.678,27,57,84,8,9,4,15,50,248
2405,2014-15,00,0,TOT,32.0,59,15,1244.0,273,490,0.557,0,4,0.0,134,186,0.72,110,219,329,45,29,38,78,161,680
2406,2014-15,00,1610612765,DET,35.0,78,21,1623.0,161,396,0.407,83,219,0.379,55,61,0.902,21,175,196,79,43,4,49,120,460
2419,2014-15,00,1610612763,MEM,35.0,26,9,628.0,75,183,0.41,15,33,0.455,25,30,0.833,21,62,83,37,9,6,15,22,190
2419,2014-15,00,1610612738,BOS,35.0,9,0,198.0,33,59,0.559,5,8,0.625,5,6,0.833,6,24,30,18,5,2,4,7,76
2419,2014-15,00,1610612765,DET,35.0,23,7,571.0,69,160,0.431,11,26,0.423,19,29,0.655,25,72,97,38,15,8,16,26,168
2419,2014-15,00,0,TOT,35.0,58,16,1397.0,177,402,0.44,31,67,0.463,49,65,0.754,52,158,210,93,29,16,35,55,434
2422,2014-15,00,1610612740,NOP,35.0,21,0,270.0,16,48,0.333,8,26,0.308,2,4,0.5,4,17,21,13,9,4,5,25,42
2430,2014-15,00,1610612747,LAL,33.0,71,26,1692.0,371,743,0.499,0,0,0.0,94,150,0.627,111,371,482,95,41,12,92,184,836
2440,2014-15,00,1610612746,LAC,35.0,76,74,2271.0,277,624,0.444,136,376,0.362,74,95,0.779,51,251,302,114,67,50,87,240,764
2446,2014-15,00,1610612764,WAS,36.0,75,1,1505.0,218,517,0.422,91,235,0.387,53,67,0.791,27,170,197,63,29,22,48,98,580
2449,2014-15,00,1610612754,IND,35.0,81,16,1659.0,300,642,0.467,5,20,0.25,158,226,0.699,138,388,526,105,47,18,94,192,763
2457,2014-15,00,1610612766,CHA,35.0,9,0,73.0,15,35,0.429,9,22,0.409,2,2,1.0,0,3,3,8,0,0,3,8,41
2501,2014-15,00,1610612758,SAC,35.0,47,7,764.0,58,137,0.423,0,2,0.0,60,97,0.619,97,202,299,32,22,5,45,91,176
2544,2014-15,00,1610612739,CLE,30.0,69,69,2493.0,624,1279,0.488,120,339,0.354,375,528,0.71,51,365,416,511,109,49,272,135,1743
2546,2014-15,00,1610612752,NYK,31.0,40,40,1428.0,358,806,0.444,61,179,0.341,189,237,0.797,72,192,264,122,40,17,89,87,966
2547,2014-15,00,1610612748,MIA,31.0,44,44,1556.0,343,745,0.46,63,168,0.375,179,232,0.772,46,264,310,95,41,25,95,69,928
2548,2014-15,00,1610612748,MIA,33.0,62,62,1971.0,509,1084,0.47,29,102,0.284,284,370,0.768,58,161,219,299,73,21,209,105,1331
2549,2014-15,00,1610612757,POR,33.0,74,13,1398.0,283,549,0.515,0,0,0.0,72,102,0.706,149,335,484,65,18,54,108,140,638
2550,2014-15,00,1610612741,CHI,34.0,66,22,1610.0,142,381,0.373,58,168,0.345,35,50,0.7,20,101,121,148,46,14,73,144,377
2555,2014-15,00,1610612760,OKC,34.0,66,2,1101.0,106,253,0.419,16,60,0.267,45,65,0.692,90,160,250,90,35,25,45,156,273
2557,2014-15,00,1610612753,ORL,34.0,47,0,683.0,75,176,0.426,20,63,0.317,18,21,0.857,8,60,68,96,20,4,38,67,188
2561,2014-15,00,1610612754,IND,34.0,66,66,1895.0,323,686,0.471,4,20,0.2,119,161,0.739,108,341,449,223,48,48,120,160,769
2563,2014-15,00,1610612746,LAC,34.0,33,0,123.0,6,21,0.286,0,4,0.0,9,11,0.818,1,10,11,2,3,0,1,23,21
2564,2014-15,00,1610612759,SAS,33.0,81,15,1984.0,291,632,0.46,54,169,0.32,72,93,0.774,78,270,348,233,36,23,126,148,708
2570,2014-15,00,1610612760,OKC,30.0,51,3,981.0,82,186,0.441,0,1,0.0,38,75,0.507,80,199,279,43,14,38,74,135,202
2570,2014-15,00,1610612739,CLE,30.0,17,0,167.0,20,41,0.488,0,0,0.0,4,8,0.5,11,30,41,8,2,4,21,27,44
2570,2014-15,00,0,TOT,30.0,68,3,1148.0,102,227,0.449,0,1,0.0,42,83,0.506,91,229,320,51,16,42,95,162,246
2571,2014-15,00,1610612744,GSW,32.0,66,1,982.0,183,386,0.474,43,112,0.384,58,74,0.784,23,68,91,99,41,8,44,87,467
2581,2014-15,00,1610612757,POR,35.0,81,0,1529.0,122,327,0.373,77,219,0.352,29,41,0.707,16,121,137,288,41,5,104,118,350
2584,2014-15,00,1610612753,ORL,33.0,52,2,951.0,118,306,0.386,42,121,0.347,28,34,0.824,14,65,79,68,26,5,48,81,306
2585,2014-15,00,1610612749,MIL,31.0,73,45,1730.0,240,529,0.454,0,3,0.0,126,160,0.788,197,303,500,178,80,21,133,170,606
2588,2014-15,00,1610612759,SAS,35.0,72,19,935.0,94,230,0.409,46,126,0.365,30,37,0.811,29,86,115,47,10,12,11,65,264
2590,2014-15,00,1610612750,MIN,32.0,41,19,1149.0,180,447,0.403,59,170,0.347,80,94,0.851,13,85,98,261,30,8,102,103,499
2590,2014-15,00,1610612766,CHA,32.0,27,14,831.0,161,413,0.39,60,178,0.337,83,93,0.892,9,67,76,163,16,6,70,59,465
2590,2014-15,00,0,TOT,32.0,68,33,1980.0,341,860,0.397,119,348,0.342,163,187,0.872,22,152,174,424,46,14,172,162,964
2592,2014-15,00,1610612739,CLE,34.0,57,2,669.0,74,201,0.368,63,175,0.36,39,46,0.848,9,53,62,24,13,8,13,67,250
2594,2014-15,00,1610612737,ATL,34.0,75,75,2418.0,292,600,0.487,221,449,0.492,106,118,0.898,15,289,304,196,52,42,107,140,911
2617,2014-15,00,1610612748,MIA,35.0,62,25,995.0,107,239,0.448,2,10,0.2,45,64,0.703,71,187,258,46,21,13,41,113,261
2730,2014-15,00,1610612745,HOU,29.0,41,41,1223.0,251,423,0.593,1,2,0.5,143,271,0.528,110,321,431,50,28,53,115,137,646
2732,2014-15,00,1610612753,ORL,32.0,56,0,790.0,129,295,0.437,35,97,0.361,56,67,0.836,6,57,63,50,14,1,55,60,349
2733,2014-15,00,1610612744,GSW,29.0,78,2,1468.0,198,396,0.5,0,2,0.0,65,91,0.714,43,140,183,259,49,20,102,110,461
2734,2014-15,00,1610612742,DAL,32.0,76,3,1685.0,219,524,0.418,95,266,0.357,132,162,0.815,13,122,135,237,78,14,85,147,665
2736,2014-15,00,1610612748,MIA,30.0,72,72,2421.0,369,787,0.469,78,220,0.355,191,251,0.761,103,273,376,139,65,22,108,109,1007
2738,2014-15,00,1610612744,GSW,31.0,77,0,2069.0,231,496,0.466,74,212,0.349,68,114,0.596,44,213,257,228,89,25,88,100,604
2742,2014-15,00,1610612760,OKC,30.0,16,1,327.0,46,125,0.368,18,60,0.3,24,34,0.706,2,28,30,45,10,0,18,29,134
2743,2014-15,00,1610612764,WAS,30.0,64,17,1345.0,211,446,0.473,0,7,0.0,87,117,0.744,118,298,416,57,34,25,46,130,509
2744,2014-15,00,1610612766,CHA,30.0,65,61,1992.0,486,1010,0.481,2,5,0.4,108,165,0.655,99,449,548,113,47,84,68,139,1082
2746,2014-15,00,1610612765,DET,29.0,28,28,896.0,153,391,0.391,9,37,0.243,52,111,0.468,52,150,202,132,37,48,72,82,367
2746,2014-15,00,1610612745,HOU,29.0,55,7,1404.0,261,596,0.438,63,191,0.33,75,144,0.521,100,228,328,145,50,68,134,146,660
2746,2014-15,00,0,TOT,29.0,83,35,2301.0,414,987,0.419,72,228,0.316,127,255,0.498,152,378,530,277,87,116,206,228,1027
2747,2014-15,00,1610612752,NYK,29.0,24,6,619.0,101,251,0.402,32,90,0.356,27,39,0.692,4,54,58,81,18,4,45,44,261
2747,2014-15,00,1610612739,CLE,29.0,46,45,1461.0,214,504,0.425,131,336,0.39,27,33,0.818,26,134,160,114,64,18,52,119,586
2747,2014-15,00,0,TOT,29.0,70,51,2079.0,315,755,0.417,163,426,0.383,54,72,0.75,30,188,218,195,82,22,97,163,847
2748,2014-15,00,1610612757,POR,29.0,48,2,593.0,72,190,0.379,41,108,0.38,34,42,0.81,14,97,111,41,20,11,18,55,219
2749,2014-15,00,1610612742,DAL,33.0,23,23,584.0,61,163,0.374,38,103,0.369,7,8,0.875,14,49,63,95,15,2,39,53,167
2749,2014-15,00,1610612738,BOS,33.0,6,1,121.0,9,41,0.22,5,25,0.2,6,9,0.667,3,14,17,33,7,0,9,13,29
2749,2014-15,00,1610612743,DEN,33.0,34,5,702.0,135,300,0.45,46,130,0.354,11,19,0.579,16,50,66,125,25,4,61,70,327
2749,2014-15,00,0,TOT,33.0,63,29,1406.0,205,504,0.407,89,258,0.345,24,36,0.667,33,113,146,253,47,6,109,136,523
2754,2014-15,00,1610612763,MEM,33.0,63,41,1648.0,225,455,0.495,10,29,0.345,79,126,0.627,103,177,280,86,129,30,86,166,539
2755,2014-15,00,1610612750,MIN,32.0,39,36,1302.0,267,625,0.427,75,191,0.393,170,193,0.881,19,123,142,89,33,1,76,76,779
2757,2014-15,00,1610612763,MEM,32.0,79,12,1494.0,246,505,0.487,26,97,0.268,87,102,0.853,20,123,143,220,46,8,89,88,605
2760,2014-15,00,1610612739,CLE,32.0,26,26,636.0,111,200,0.555,0,2,0.0,33,45,0.733,57,113,170,35,19,16,35,58,255
2772,2014-15,00,1610612745,HOU,29.0,82,82,2930.0,366,910,0.402,194,555,0.35,122,143,0.853,77,382,459,209,152,17,141,186,1048
2853,2014-15,00,1610612756,PHX,33.0,16,1,143.0,12,39,0.308,2,4,0.5,6,12,0.5,14,14,28,5,4,2,5,26,32
101106,2014-15,00,1610612744,GSW,30.0,67,65,1583.0,200,355,0.563,0,0,0.0,22,42,0.524,141,402,543,180,39,113,106,188,422
101107,2014-15,00,1610612766,CHA,29.0,78,37,2035.0,210,495,0.424,95,265,0.358,62,87,0.713,58,328,386,100,69,36,60,146,577
101108,2014-15,00,1610612746,LAC,30.0,82,82,2857.0,568,1170,0.485,139,349,0.398,289,321,0.9,52,324,376,838,156,15,190,203,1564
101109,2014-15,00,1610612742,DAL,31.0,29,3,281.0,43,106,0.406,10,34,0.294,12,15,0.8,2,24,26,41,11,4,18,17,108
101110,2014-15,00,1610612764,WAS,28.0,32,0,352.0,24,91,0.264,10,43,0.233,48,64,0.75,10,36,46,17,7,1,22,24,106
101111,2014-15,00,1610612742,DAL,30.0,64,1,678.0,150,362,0.414,83,221,0.376,20,35,0.571,30,119,149,19,15,22,28,64,403
101112,2014-15,00,1610612753,ORL,32.0,75,51,1870.0,191,487,0.392,136,346,0.393,31,35,0.886,27,266,293,94,47,39,78,191,549
101114,2014-15,00,1610612751,BKN,31.0,68,55,2114.0,298,771,0.387,87,237,0.367,201,241,0.834,29,208,237,448,64,17,154,157,884
101122,2014-15,00,1610612748,MIA,32.0,30,6,613.0,65,162,0.401,30,84,0.357,28,37,0.757,20,60,80,17,13,6,24,67,188
101123,2014-15,00,1610612756,PHX,29.0,74,4,1446.0,324,778,0.416,137,387,0.354,99,120,0.825,33,153,186,91,42,12,104,145,884
101126,2014-15,00,1610612743,DEN,31.0,33,1,465.0,71,204,0.348,24,92,0.261,26,40,0.65,14,25,39,77,14,3,22,68,192
101126,2014-15,00,1610612746,LAC,31.0,9,0,126.0,17,51,0.333,7,20,0.35,5,6,0.833,3,8,11,20,6,0,8,8,46
101126,2014-15,00,0,TOT,31.0,42,1,591.0,88,255,0.345,31,112,0.277,31,46,0.674,17,33,50,97,20,3,30,76,238
101127,2014-15,00,1610612751,BKN,31.0,80,27,2241.0,359,817,0.439,39,146,0.267,200,227,0.881,19,226,245,373,75,13,191,143,957
101128,2014-15,00,1610612745,HOU,33.0,14,0,200.0,17,63,0.27,10,45,0.222,1,4,0.25,3,14,17,15,9,5,10,20,45
101131,2014-15,00,1610612766,CHA,32.0,61,0,878.0,81,192,0.422,0,0,0.0,41,71,0.577,86,117,203,19,18,44,29,96,203
101133,2014-15,00,1610612754,IND,28.0,61,6,1146.0,117,212,0.552,0,0,0.0,31,102,0.304,105,251,356,33,30,46,59,172,265
101135,2014-15,00,1610612744,GSW,32.0,49,4,904.0,160,313,0.511,0,2,0.0,68,104,0.654,81,176,257,85,31,26,49,83,388
101138,2014-15,00,1610612738,BOS,30.0,82,43,1929.0,344,683,0.504,9,32,0.281,169,214,0.79,139,259,398,104,41,32,83,140,866
101139,2014-15,00,1610612754,IND,28.0,70,40,1841.0,329,827,0.398,154,446,0.345,130,161,0.807,18,196,214,75,60,26,73,132,942
101141,2014-15,00,1610612749,MIL,28.0,58,36,1319.0,263,557,0.472,74,190,0.389,69,107,0.645,80,197,277,56,36,19,45,149,669
101142,2014-15,00,1610612750,MIN,32.0,2,0,19.0,0,0,0.0,0,0,0.0,0,0,0.0,0,1,1,2,0,0,0,0,0
101145,2014-15,00,1610612742,DAL,29.0,80,80,2699.0,602,1354,0.445,81,284,0.285,228,303,0.752,34,156,190,329,148,25,198,197,1513
101150,2014-15,00,1610612761,TOR,28.0,80,0,2016.0,375,928,0.404,152,447,0.34,340,395,0.861,24,127,151,164,88,10,101,103,1242
101161,2014-15,00,1610612761,TOR,28.0,75,72,1979.0,298,519,0.574,19,46,0.413,79,129,0.612,159,297,456,117,44,59,110,225,694
101162,2014-15,00,1610612764,WAS,31.0,82,82,2453.0,439,775,0.566,0,3,0.0,123,175,0.703,180,537,717,97,49,110,100,191,1001
101179,2014-15,00,1610612747,LAL,32.0,43,20,982.0,77,223,0.345,31,109,0.284,36,45,0.8,19,50,69,165,67,4,52,118,221
101181,2014-15,00,1610612752,NYK,33.0,42,42,1270.0,147,354,0.415,59,142,0.415,29,32,0.906,19,105,124,198,31,0,75,76,382
101183,2014-15,00,1610612756,PHX,31.0,16,0,101.0,6,25,0.24,0,4,0.0,5,10,0.5,12,14,26,3,4,2,2,13,17
101183,2014-15,00,1610612738,BOS,31.0,5,0,25.0,3,10,0.3,0,1,0.0,1,2,0.5,4,8,12,1,1,1,1,3,7
101183,2014-15,00,0,TOT,31.0,21,0,126.0,9,35,0.257,0,5,0.0,6,12,0.5,16,22,38,4,5,3,3,16,24
101187,2014-15,00,1610612751,BKN,32.0,74,19,1744.0,195,440,0.443,73,210,0.348,82,101,0.812,31,173,204,83,56,5,60,148,545
101236,2014-15,00,1610612761,TOR,32.0,29,0,255.0,22,46,0.478,0,0,0.0,6,11,0.545,18,33,51,20,10,4,8,37,50
101249,2014-15,00,1610612765,DET,32.0,21,0,272.0,42,104,0.404,9,29,0.31,5,5,1.0,4,12,16,60,8,0,16,18,98
200745,2014-15,00,1610612752,NYK,29.0,29,22,785.0,164,361,0.454,15,41,0.366,87,107,0.813,32,95,127,46,2,27,42,53,430
200746,2014-15,00,1610612757,POR,29.0,71,71,2512.0,659,1415,0.466,37,105,0.352,306,362,0.845,177,549,726,124,48,68,122,125,1661
200751,2014-15,00,1610612743,DEN,31.0,50,21,1087.0,148,402,0.368,94,263,0.357,45,55,0.818,9,76,85,119,34,11,60,97,435
200752,2014-15,00,1610612758,SAC,28.0,68,67,2408.0,508,1116,0.455,79,220,0.359,337,393,0.858,98,301,399,250,71,41,183,157,1432
200755,2014-15,00,1610612746,LAC,31.0,78,78,2409.0,447,938,0.477,200,458,0.437,183,203,0.901,22,145,167,137,39,8,95,134,1277
200757,2014-15,00,1610612737,ATL,31.0,52,7,976.0,104,249,0.418,25,78,0.321,45,58,0.776,53,170,223,75,53,21,38,67,278
200761,2014-15,00,1610612748,MIA,29.0,44,22,924.0,102,240,0.425,60,152,0.395,28,33,0.848,27,112,139,36,21,17,23,116,292
200761,2014-15,00,1610612765,DET,29.0,19,0,163.0,19,60,0.317,4,26,0.154,7,7,1.0,9,18,27,8,4,4,7,19,49
200761,2014-15,00,0,TOT,29.0,63,22,1087.0,121,300,0.403,64,178,0.36,35,40,0.875,36,130,166,44,25,21,30,135,341
200765,2014-15,00,1610612738,BOS,29.0,22,22,699.0,81,200,0.405,8,32,0.25,12,36,0.333,25,140,165,237,37,3,75,42,182
200765,2014-15,00,1610612742,DAL,29.0,46,46,1319.0,194,445,0.436,19,54,0.352,19,42,0.452,48,160,208,301,54,4,135,111,426
200765,2014-15,00,0,TOT,29.0,68,68,2019.0,275,645,0.426,27,86,0.314,31,78,0.397,73,300,373,538,91,7,210,153,608
200768,2014-15,00,1610612761,TOR,29.0,70,70,2414.0,430,1043,0.412,132,391,0.338,252,312,0.808,54,274,328,473,109,13,173,212,1244
200769,2014-15,00,1610612748,MIA,29.0,5,2,89.0,7,19,0.368,3,7,0.429,3,4,0.75,0,1,1,3,4,0,4,8,20
200770,2014-15,00,1610612746,LAC,28.0,36,0,529.0,61,158,0.386,35,97,0.361,10,11,0.909,8,34,42,67,20,5,32,52,167
200777,2014-15,00,1610612757,POR,28.0,48,8,617.0,74,151,0.49,0,0,0.0,21,25,0.84,62,129,191,16,9,23,23,93,169
200779,2014-15,00,1610612762,UTA,32.0,22,0,109.0,16,35,0.457,16,33,0.485,0,2,0.0,1,15,16,6,0,1,3,13,48
200779,2014-15,00,1610612760,OKC,32.0,13,0,88.0,6,21,0.286,3,15,0.2,0,0,0.0,1,5,6,5,0,1,2,10,15
200779,2014-15,00,0,TOT,32.0,35,0,197.0,22,56,0.393,19,48,0.396,0,2,0.0,2,20,22,11,0,2,5,23,63
200782,2014-15,00,1610612756,PHX,30.0,78,63,2383.0,261,596,0.438,87,252,0.345,104,143,0.727,114,388,502,122,107,23,96,179,713
200794,2014-15,00,1610612737,ATL,30.0,73,73,2390.0,443,930,0.476,77,216,0.356,255,337,0.757,139,431,570,223,130,69,166,201,1218
200797,2014-15,00,1610612758,SAC,30.0,46,9,441.0,53,82,0.646,0,0,0.0,31,54,0.574,36,67,103,14,6,19,25,65,137
200811,2014-15,00,1610612739,CLE,32.0,12,0,79.0,4,12,0.333,0,0,0.0,3,5,0.6,5,15,20,5,1,0,5,11,11
200811,2014-15,00,1610612752,NYK,32.0,41,35,858.0,105,243,0.432,0,1,0.0,38,82,0.463,89,159,248,65,21,52,57,115,248
200811,2014-15,00,0,TOT,32.0,53,35,937.0,109,255,0.427,0,1,0.0,41,87,0.471,94,174,268,70,22,52,62,126,259
200826,2014-15,00,1610612742,DAL,31.0,77,10,1362.0,225,536,0.42,54,167,0.323,76,94,0.809,23,111,134,263,33,1,70,104,580
201142,2014-15,00,1610612760,OKC,26.0,27,27,913.0,238,467,0.51,64,159,0.403,146,171,0.854,16,162,178,110,24,25,74,40,686
201143,2014-15,00,1610612737,ATL,29.0,76,76,2318.0,519,965,0.538,11,36,0.306,107,141,0.759,131,413,544,244,68,98,100,121,1156
201144,2014-15,00,1610612763,MEM,27.0,70,70,2225.0,393,882,0.446,107,277,0.386,214,249,0.859,29,180,209,375,89,14,156,139,1107
201145,2014-15,00,1610612738,BOS,28.0,33,33,1093.0,206,475,0.434,47,154,0.305,121,144,0.84,21,120,141,53,27,13,56,66,580
201145,2014-15,00,1610612763,MEM,28.0,45,37,1361.0,210,492,0.427,50,138,0.362,118,143,0.825,43,144,187,81,26,21,52,81,588
201145,2014-15,00,0,TOT,28.0,78,70,2455.0,416,967,0.43,97,292,0.332,239,287,0.833,64,264,328,134,53,34,108,147,1168
201147,2014-15,00,1610612750,MIN,29.0,24,16,680.0,94,225,0.418,8,41,0.195,55,78,0.705,32,62,94,78,54,4,50,62,251
201147,2014-15,00,1610612745,HOU,29.0,56,1,1407.0,249,580,0.429,55,194,0.284,113,148,0.764,48,155,203,95,60,15,81,111,666
201147,2014-15,00,0,TOT,29.0,80,17,2087.0,343,805,0.426,63,235,0.268,168,226,0.743,80,217,297,173,114,19,131,173,917
201148,2014-15,00,1610612742,DAL,27.0,27,0,505.0,101,135,0.748,0,0,0.0,36,48,0.75,51,59,110,10,17,42,13,44,238
201148,2014-15,00,1610612738,BOS,27.0,8,0,86.0,12,21,0.571,0,0,0.0,2,4,0.5,7,10,17,8,1,5,5,4,26
201148,2014-15,00,1610612756,PHX,27.0,40,7,858.0,120,207,0.58,0,3,0.0,40,60,0.667,70,124,194,23,32,47,16,54,280
201148,2014-15,00,0,TOT,27.0,75,7,1449.0,233,363,0.642,0,3,0.0,78,112,0.696,128,193,321,41,50,94,34,102,544
201149,2014-15,00,1610612741,CHI,30.0,67,67,2049.0,190,427,0.445,0,2,0.0,105,174,0.603,219,427,646,312,48,74,123,203,485
201150,2014-15,00,1610612746,LAC,27.0,73,15,1274.0,163,415,0.393,55,176,0.313,44,68,0.647,30,228,258,88,24,53,61,173,425
201152,2014-15,00,1610612750,MIN,27.0,48,48,1605.0,289,641,0.451,19,65,0.292,88,129,0.682,75,170,245,135,86,17,75,115,685
201152,2014-15,00,1610612751,BKN,27.0,28,20,829.0,162,327,0.495,19,50,0.38,43,71,0.606,52,114,166,38,38,8,42,56,386
201152,2014-15,00,0,TOT,27.0,76,68,2434.0,451,968,0.466,38,115,0.33,131,200,0.655,127,284,411,173,124,25,117,171,1071
201155,2014-15,00,1610612754,IND,29.0,71,36,1874.0,332,754,0.44,55,141,0.39,177,216,0.819,36,212,248,219,56,10,118,131,896
201156,2014-15,00,1610612747,LAL,30.0,42,0,1000.0,174,476,0.366,83,225,0.369,132,148,0.892,17,79,96,41,23,11,44,83,563
201158,2014-15,00,1610612759,SAS,29.0,62,9,1388.0,199,470,0.423,86,230,0.374,84,99,0.848,26,131,157,94,31,3,61,85,568
201160,2014-15,00,1610612752,NYK,29.0,82,31,1785.0,257,592,0.434,15,42,0.357,127,153,0.83,98,226,324,140,32,44,104,205,656
201162,2014-15,00,1610612749,MIL,29.0,72,22,1717.0,198,423,0.468,74,192,0.385,48,67,0.716,45,175,220,130,72,11,62,113,518
201163,2014-15,00,1610612743,DEN,28.0,78,75,2471.0,418,975,0.429,139,406,0.342,110,142,0.775,96,379,475,134,58,29,110,231,1085
201166,2014-15,00,1610612741,CHI,30.0,82,21,1885.0,344,817,0.421,121,313,0.387,145,174,0.833,32,134,166,261,54,15,157,189,954
201167,2014-15,00,1610612743,DEN,29.0,53,53,1750.0,281,657,0.428,82,243,0.337,127,151,0.841,21,159,180,101,32,5,83,108,771
201167,2014-15,00,1610612757,POR,29.0,25,19,752.0,94,227,0.414,36,90,0.4,40,47,0.851,6,61,67,28,9,2,33,59,264
201167,2014-15,00,0,TOT,29.0,78,72,2502.0,375,884,0.424,118,333,0.354,167,198,0.843,27,220,247,129,41,7,116,167,1035
201168,2014-15,00,1610612759,SAS,30.0,52,35,1030.0,169,303,0.558,0,0,0.0,90,120,0.75,91,161,252,78,35,37,60,103,428
201171,2014-15,00,1610612758,SAC,31.0,70,15,1192.0,190,369,0.515,0,0,0.0,123,150,0.82,99,169,268,26,15,17,54,132,503
201175,2014-15,00,1610612746,LAC,29.0,74,0,904.0,117,255,0.459,0,4,0.0,60,95,0.632,43,126,169,39,41,21,39,132,294
201177,2014-15,00,1610612748,MIA,28.0,17,4,296.0,28,53,0.528,8,19,0.421,8,13,0.615,7,38,45,33,12,3,22,41,72
201188,2014-15,00,1610612763,MEM,30.0,81,81,2687.0,530,1072,0.494,3,17,0.176,350,440,0.795,115,515,630,307,70,131,176,208,1413
201196,2014-15,00,1610612758,SAC,29.0,36,7,642.0,63,183,0.344,6,28,0.214,64,88,0.727,13,56,69,96,13,0,51,45,196
201196,2014-15,00,1610612764,WAS,29.0,28,3,546.0,62,151,0.411,13,32,0.406,69,85,0.812,10,65,75,86,16,0,35,28,206
201196,2014-15,00,0,TOT,29.0,64,10,1188.0,125,334,0.374,19,60,0.317,133,173,0.769,23,121,144,182,29,0,86,73,402
201202,2014-15,00,1610612765,DET,32.0,49,0,406.0,36,62,0.581,0,0,0.0,15,22,0.682,32,61,93,5,12,49,12,55,87
201228,2014-15,00,1610612754,IND,31.0,57,21,1422.0,181,417,0.434,70,175,0.4,138,167,0.826,18,145,163,208,57,9,100,107,570
201229,2014-15,00,1610612756,PHX,30.0,24,0,272.0,26,74,0.351,24,62,0.387,4,6,0.667,6,38,44,10,4,1,11,20,80
201229,2014-15,00,1610612765,DET,30.0,52,11,1160.0,135,319,0.423,82,228,0.36,50,63,0.794,45,147,192,49,20,15,40,117,402
201229,2014-15,00,0,TOT,30.0,76,11,1433.0,161,393,0.41,106,290,0.366,54,69,0.783,51,185,236,59,24,16,51,137,482
201563,2014-15,00,1610612748,MIA,26.0,24,1,505.0,92,212,0.434,8,34,0.235,20,26,0.769,12,77,89,32,15,13,37,66,212
201564,2014-15,00,1610612749,MIL,27.0,71,15,1697.0,296,701,0.422,99,277,0.357,115,139,0.827,30,157,187,197,57,18,128,165,806
201565,2014-15,00,1610612741,CHI,26.0,51,51,1530.0,338,835,0.405,76,271,0.28,152,187,0.813,35,126,161,251,36,16,161,63,904
201566,2014-15,00,1610612760,OKC,26.0,67,67,2302.0,627,1471,0.426,86,288,0.299,546,654,0.835,124,364,488,574,140,14,293,184,1886
201567,2014-15,00,1610612739,CLE,26.0,75,75,2532.0,413,952,0.434,144,392,0.367,258,321,0.804,142,589,731,168,51,39,122,140,1228
201568,2014-15,00,1610612743,DEN,26.0,59,27,1426.0,228,568,0.401,107,301,0.355,171,191,0.895,31,187,218,83,47,20,57,94,734
201569,2014-15,00,1610612740,NOP,26.0,61,60,2018.0,285,694,0.411,141,315,0.448,107,133,0.805,28,131,159,229,50,14,122,145,818
201571,2014-15,00,1610612765,DET,27.0,54,13,1287.0,189,461,0.41,49,150,0.327,147,169,0.87,13,87,100,265,33,2,110,61,574
201571,2014-15,00,1610612760,OKC,27.0,28,1,677.0,69,186,0.371,34,96,0.354,31,36,0.861,7,54,61,88,16,1,35,32,203
201571,2014-15,00,0,TOT,27.0,82,14,1964.0,258,647,0.399,83,246,0.337,178,205,0.868,20,141,161,353,49,3,145,93,777
201572,2014-15,00,1610612751,BKN,27.0,72,44,2100.0,506,987,0.513,1,10,0.1,223,274,0.814,214,321,535,50,43,126,104,206,1236
201573,2014-15,00,1610612749,MIL,26.0,77,4,1717.0,220,516,0.426,37,120,0.308,121,137,0.883,22,189,211,233,59,12,133,163,598
201574,2014-15,00,1610612758,SAC,28.0,81,63,1991.0,201,428,0.47,0,1,0.0,89,143,0.622,139,391,530,85,33,57,84,239,491
201575,2014-15,00,1610612744,GSW,29.0,33,0,271.0,11,54,0.204,3,27,0.111,5,11,0.455,4,37,41,12,5,12,11,27,30
201577,2014-15,00,1610612757,POR,27.0,59,59,1638.0,234,437,0.535,0,1,0.0,98,127,0.772,190,204,394,55,16,84,73,122,566
201578,2014-15,00,1610612744,GSW,27.0,76,9,1207.0,318,646,0.492,5,18,0.278,150,178,0.843,109,216,325,72,20,34,82,189,791
201579,2014-15,00,1610612754,IND,28.0,76,76,1926.0,317,710,0.446,0,2,0.0,168,204,0.824,156,384,540,84,18,125,107,216,802
201580,2014-15,00,1610612743,DEN,27.0,17,0,195.0,34,61,0.557,0,0,0.0,20,29,0.69,14,34,48,1,2,19,13,28,88
201580,2014-15,00,1610612755,PHI,27.0,6,0,61.0,8,18,0.444,0,0,0.0,2,4,0.5,4,9,13,2,0,1,5,2,18
201580,2014-15,00,0,TOT,27.0,23,0,256.0,42,79,0.532,0,0,0.0,22,33,0.667,18,43,61,3,2,20,18,30,106
201581,2014-15,00,1610612743,DEN,26.0,73,8,1411.0,218,459,0.475,0,2,0.0,116,201,0.577,150,302,452,57,36,35,96,136,552
201582,2014-15,00,1610612740,NOP,27.0,68,8,957.0,181,329,0.55,0,0,0.0,81,99,0.818,104,211,315,47,21,51,69,151,443
201583,2014-15,00,1610612740,NOP,27.0,61,5,1675.0,291,729,0.399,122,359,0.34,129,151,0.854,108,187,295,55,33,20,62,113,833
201584,2014-15,00,1610612763,MEM,29.0,77,74,2354.0,288,643,0.448,90,224,0.402,111,129,0.86,21,157,178,151,75,12,78,129,777
201585,2014-15,00,1610612763,MEM,26.0,81,3,1348.0,182,358,0.508,0,0,0.0,55,85,0.647,121,305,426,37,29,63,69,148,419
201586,2014-15,00,1610612760,OKC,25.0,64,64,2116.0,374,786,0.476,77,205,0.376,92,110,0.836,135,364,499,55,30,155,97,194,917
201587,2014-15,00,1610612757,POR,26.0,71,71,2380.0,240,600,0.4,100,309,0.324,84,98,0.857,62,354,416,341,78,40,132,106,664
201588,2014-15,00,1610612754,IND,29.0,43,36,1267.0,255,535,0.477,69,193,0.358,113,143,0.79,25,154,179,220,44,14,69,111,692
201589,2014-15,00,1610612743,DEN,27.0,58,4,988.0,155,384,0.404,26,110,0.236,46,59,0.78,53,118,171,57,48,26,47,146,382
201593,2014-15,00,1610612750,MIN,29.0,31,29,815.0,139,328,0.424,0,0,0.0,108,129,0.837,89,145,234,27,19,12,42,59,386
201595,2014-15,00,1610612745,HOU,31.0,69,17,854.0,80,145,0.552,0,1,0.0,24,83,0.289,103,176,279,25,40,25,41,157,184
201596,2014-15,00,1610612748,MIA,29.0,80,37,2368.0,267,663,0.403,73,248,0.294,206,266,0.774,24,182,206,307,122,10,173,251,813
201599,2014-15,00,1610612746,LAC,26.0,82,82,2820.0,379,534,0.71,1,4,0.25,187,471,0.397,397,829,1226,61,81,183,109,245,946
201600,2014-15,00,1610612740,NOP,28.0,76,76,1982.0,213,412,0.517,0,0,0.0,131,225,0.582,244,504,748,72,29,54,95,144,557
201601,2014-15,00,1610612755,PHI,28.0,67,61,1916.0,251,636,0.395,62,202,0.307,96,163,0.589,82,246,328,106,81,21,99,104,660
201604,2014-15,00,1610612746,LAC,28.0,12,0,103.0,5,21,0.238,1,7,0.143,8,8,1.0,1,11,12,4,1,0,0,14,19
201609,2014-15,00,1610612756,PHX,29.0,52,52,1735.0,340,679,0.501,66,186,0.355,97,130,0.746,51,134,185,211,50,9,114,120,843
201609,2014-15,00,1610612748,MIA,29.0,26,26,905.0,162,323,0.502,24,73,0.329,84,104,0.808,30,59,89,139,28,6,59,75,432
201609,2014-15,00,0,TOT,29.0,78,78,2640.0,502,1002,0.501,90,259,0.347,181,234,0.774,81,193,274,350,78,15,173,195,1275
201611,2014-15,00,1610612748,MIA,27.0,24,13,628.0,58,168,0.345,45,132,0.341,14,18,0.778,7,75,82,29,24,9,24,76,175
201627,2014-15,00,1610612760,OKC,29.0,74,0,1806.0,285,615,0.463,141,325,0.434,79,89,0.888,40,155,195,60,54,11,38,135,790
201858,2014-15,00,1610612765,DET,30.0,23,0,198.0,15,53,0.283,6,33,0.182,0,0,0.0,0,20,20,11,3,1,5,20,36
201880,2014-15,00,1610612761,TOR,29.0,17,0,66.0,6,8,0.75,0,0,0.0,2,4,0.5,9,6,15,3,2,0,7,15,14
201933,2014-15,00,1610612746,LAC,26.0,67,67,2356.0,574,1144,0.502,10,25,0.4,311,427,0.728,126,382,508,354,63,35,152,196,1469
201935,2014-15,00,1610612745,HOU,25.0,81,81,2981.0,647,1470,0.44,208,555,0.375,715,824,0.868,75,384,459,565,154,60,321,208,2217
201936,2014-15,00,1610612740,NOP,25.0,79,76,2690.0,521,1165,0.447,69,227,0.304,202,291,0.694,82,334,416,521,100,37,246,198,1313
201937,2014-15,00,1610612750,MIN,24.0,22,22,692.0,78,219,0.356,13,51,0.255,57,71,0.803,19,106,125,193,38,1,64,59,226
201939,2014-15,00,1610612744,GSW,27.0,80,80,2613.0,653,1341,0.487,286,646,0.443,308,337,0.914,56,285,341,619,163,16,249,158,1900
201941,2014-15,00,1610612747,LAL,27.0,70,57,1874.0,357,777,0.459,3,11,0.273,124,168,0.738,174,382,556,103,34,52,106,164,841
201942,2014-15,00,1610612761,TOR,25.0,60,60,2100.0,409,990,0.413,25,88,0.284,361,434,0.832,41,236,277,210,73,11,137,122,1204
201943,2014-15,00,1610612765,DET,25.0,41,41,1173.0,218,543,0.401,76,211,0.36,120,143,0.839,21,83,104,272,44,4,90,64,632
201945,2014-15,00,1610612766,CHA,27.0,80,72,2315.0,370,847,0.437,45,136,0.331,184,217,0.848,36,237,273,206,51,22,110,135,969
201946,2014-15,00,1610612761,TOR,29.0,74,8,1058.0,86,165,0.521,1,7,0.143,97,139,0.698,106,159,265,21,30,15,20,141,270
201948,2014-15,00,1610612759,SAS,27.0,26,4,268.0,40,115,0.348,19,57,0.333,4,4,1.0,6,55,61,9,8,3,18,30,103
201948,2014-15,00,1610612737,ATL,27.0,8,0,76.0,10,26,0.385,5,14,0.357,1,2,0.5,4,10,14,8,4,2,5,9,26
201948,2014-15,00,0,TOT,27.0,34,4,344.0,50,141,0.355,24,71,0.338,5,6,0.833,10,65,75,17,12,5,23,39,129
201949,2014-15,00,1610612761,TOR,28.0,70,17,1370.0,238,404,0.589,11,51,0.216,67,102,0.657,61,196,257,95,54,70,79,155,554
201950,2014-15,00,1610612740,NOP,25.0,40,37,1303.0,238,534,0.446,51,135,0.378,65,76,0.855,32,103,135,274,63,23,91,110,592
201951,2014-15,00,1610612743,DEN,27.0,75,75,2665.0,404,926,0.436,70,205,0.341,265,363,0.73,42,192,234,720,92,9,185,128,1143
201952,2014-15,00,1610612737,ATL,27.0,73,72,2228.0,408,887,0.46,71,207,0.343,275,319,0.862,30,154,184,513,125,31,205,139,1162
201954,2014-15,00,1610612758,SAC,27.0,45,45,1565.0,260,550,0.473,60,161,0.373,145,184,0.788,19,124,143,252,67,14,112,95,725
201956,2014-15,00,1610612758,SAC,27.0,67,19,1416.0,209,427,0.489,35,87,0.402,140,191,0.733,54,206,260,102,31,9,88,107,593
201959,2014-15,00,1610612741,CHI,30.0,62,17,1692.0,254,506,0.502,0,0,0.0,132,184,0.717,162,234,396,71,36,75,77,162,640
201960,2014-15,00,1610612737,ATL,28.0,70,69,2189.0,318,653,0.487,120,304,0.395,127,181,0.702,99,273,372,118,94,17,75,154,883
201961,2014-15,00,1610612747,LAL,27.0,65,36,1675.0,254,617,0.412,90,243,0.37,52,64,0.813,31,179,210,105,33,2,50,77,650
201962,2014-15,00,1610612740,NOP,29.0,12,0,177.0,19,51,0.373,5,18,0.278,8,13,0.615,2,20,22,24,11,4,10,20,51
201964,2014-15,00,1610612757,POR,26.0,10,0,76.0,9,20,0.45,6,11,0.545,0,0,0.0,3,17,20,1,1,1,4,12,24
201965,2014-15,00,1610612759,SAS,28.0,51,0,383.0,55,95,0.579,0,0,0.0,27,36,0.75,37,80,117,14,8,8,26,60,137
201967,2014-15,00,1610612740,NOP,28.0,66,27,1652.0,155,339,0.457,1,10,0.1,29,47,0.617,70,186,256,50,46,37,35,101,340
201971,2014-15,00,1610612764,WAS,26.0,29,0,180.0,26,57,0.456,0,0,0.0,4,6,0.667,16,40,56,3,7,1,13,41,56
201973,2014-15,00,1610612765,DET,28.0,46,0,703.0,91,198,0.46,28,76,0.368,31,36,0.861,47,95,142,41,27,11,26,77,241
201973,2014-15,00,1610612738,BOS,28.0,29,0,527.0,78,181,0.431,26,64,0.406,25,30,0.833,46,94,140,30,19,7,18,58,207
201973,2014-15,00,0,TOT,28.0,75,0,1230.0,169,379,0.446,54,140,0.386,56,66,0.848,93,189,282,71,46,18,44,135,448
201975,2014-15,00,1610612765,DET,27.0,60,0,1462.0,222,534,0.416,74,212,0.349,145,160,0.906,12,92,104,79,59,6,57,76,663
201976,2014-15,00,1610612745,HOU,26.0,56,55,1727.0,204,532,0.383,115,323,0.356,45,60,0.75,67,170,237,192,59,23,83,182,568
201977,2014-15,00,1610612738,BOS,28.0,39,0,640.0,127,305,0.416,52,124,0.419,42,51,0.824,19,54,73,34,21,7,22,35,348
201977,2014-15,00,1610612756,PHX,28.0,9,0,81.0,13,40,0.325,2,19,0.105,4,5,0.8,4,9,13,2,6,0,5,3,32
201977,2014-15,00,0,TOT,28.0,48,0,721.0,140,345,0.406,54,143,0.378,46,56,0.821,23,63,86,36,27,7,27,38,380
201978,2014-15,00,1610612750,MIN,27.0,67,4,1286.0,169,390,0.433,52,143,0.364,67,81,0.827,33,165,198,64,44,10,49,72,457
201979,2014-15,00,1610612763,MEM,26.0,58,0,838.0,104,247,0.421,11,43,0.256,24,45,0.533,19,87,106,146,63,5,61,100,243
201980,2014-15,00,1610612759,SAS,28.0,81,80,2312.0,322,738,0.436,191,457,0.418,111,127,0.874,54,289,343,158,101,87,93,163,946
201985,2014-15,00,1610612754,IND,28.0,10,0,193.0,39,89,0.438,15,39,0.385,12,18,0.667,2,12,14,27,4,0,10,9,105
201985,2014-15,00,1610612739,CLE,28.0,11,0,87.0,9,34,0.265,0,11,0.0,4,6,0.667,4,11,15,13,3,0,3,1,22
201985,2014-15,00,1610612756,PHX,28.0,5,0,44.0,3,14,0.214,0,7,0.0,0,0,0.0,0,3,3,6,0,0,1,5,6
201985,2014-15,00,0,TOT,28.0,26,0,324.0,51,137,0.372,15,57,0.263,16,24,0.667,6,26,32,46,7,0,14,15,133
201988,2014-15,00,1610612759,SAS,26.0,51,0,801.0,128,336,0.381,62,182,0.341,33,40,0.825,21,54,75,87,28,2,35,58,351
202066,2014-15,00,1610612764,WAS,29.0,52,18,736.0,68,170,0.4,33,88,0.375,35,48,0.729,24,66,90,56,42,9,34,76,204
202083,2014-15,00,1610612757,POR,28.0,60,60,2024.0,337,752,0.448,173,445,0.389,109,145,0.752,38,184,222,139,77,10,81,132,956
202087,2014-15,00,1610612743,DEN,28.0,39,0,511.0,66,137,0.482,10,24,0.417,48,65,0.738,29,41,70,19,28,6,25,42,190
202087,2014-15,00,1610612757,POR,28.0,15,2,151.0,21,49,0.429,3,11,0.273,6,12,0.5,8,16,24,6,7,1,8,16,51
202087,2014-15,00,0,TOT,28.0,54,2,661.0,87,186,0.468,13,35,0.371,54,77,0.701,37,57,94,25,35,7,33,58,241
202130,2014-15,00,1610612759,SAS,28.0,20,0,105.0,15,39,0.385,3,19,0.158,4,4,1.0,5,12,17,10,1,0,2,12,37
202322,2014-15,00,1610612764,WAS,24.0,79,79,2837.0,519,1166,0.445,65,217,0.3,284,362,0.785,36,330,366,792,138,45,304,180,1387
202323,2014-15,00,1610612738,BOS,26.0,82,57,2260.0,320,746,0.429,33,119,0.277,106,141,0.752,40,377,417,449,83,19,198,180,779
202324,2014-15,00,1610612762,UTA,23.0,74,74,2280.0,482,918,0.525,1,6,0.167,222,332,0.669,196,411,607,112,60,123,121,210,1187
202325,2014-15,00,1610612747,LAL,27.0,76,59,2245.0,286,691,0.414,91,259,0.351,90,112,0.804,67,252,319,124,59,45,87,162,753
202326,2014-15,00,1610612758,SAC,24.0,59,59,2013.0,498,1066,0.467,2,8,0.25,423,541,0.782,185,562,747,210,90,103,254,241,1421
202327,2014-15,00,1610612746,LAC,28.0,33,0,128.0,11,24,0.458,0,0,0.0,7,9,0.778,7,19,26,8,8,7,7,20,29
202328,2014-15,00,1610612765,DET,25.0,69,57,2137.0,423,853,0.496,0,0,0.0,252,336,0.75,229,475,704,142,78,34,149,148,1098
202329,2014-15,00,1610612742,DAL,24.0,74,3,1366.0,147,357,0.412,34,124,0.274,84,118,0.712,114,228,342,59,70,62,55,137,412
202330,2014-15,00,1610612762,UTA,25.0,76,76,2618.0,484,1087,0.445,120,330,0.364,375,462,0.812,54,319,373,313,108,30,206,131,1463
202332,2014-15,00,1610612752,NYK,26.0,61,16,976.0,144,301,0.478,0,0,0.0,50,64,0.781,101,237,338,75,37,65,59,122,338
202333,2014-15,00,1610612747,LAL,24.0,9,0,86.0,3,13,0.231,0,0,0.0,14,24,0.583,2,2,4,3,3,0,3,6,20
202334,2014-15,00,1610612747,LAL,26.0,79,24,1840.0,282,469,0.601,0,0,0.0,92,189,0.487,230,370,600,94,49,98,58,202,656
202335,2014-15,00,1610612761,TOR,26.0,81,4,2156.0,240,535,0.449,105,283,0.371,63,80,0.788,127,306,433,155,60,44,54,149,648
202336,2014-15,00,1610612749,MIL,26.0,27,26,586.0,86,172,0.5,0,0,0.0,24,48,0.5,67,99,166,23,26,39,28,104,196
202337,2014-15,00,1610612740,NOP,26.0,63,19,830.0,92,192,0.479,59,115,0.513,13,19,0.684,12,99,111,24,17,11,26,63,256
202338,2014-15,00,1610612764,WAS,25.0,79,0,1235.0,231,450,0.513,0,2,0.0,58,82,0.707,87,201,288,59,10,59,98,197,520
202339,2014-15,00,1610612756,PHX,25.0,81,81,2800.0,468,1046,0.447,88,272,0.324,353,441,0.8,72,351,423,493,127,45,274,189,1377
202340,2014-15,00,1610612738,BOS,24.0,77,77,2428.0,434,1013,0.428,124,352,0.352,79,100,0.79,46,195,241,135,82,15,109,177,1071
202343,2014-15,00,1610612762,UTA,26.0,5,0,42.0,6,13,0.462,5,7,0.714,1,2,0.5,0,3,3,4,2,0,4,1,18
202343,2014-15,00,1610612740,NOP,26.0,8,0,77.0,8,24,0.333,3,11,0.273,0,2,0.0,0,5,5,8,2,0,0,11,19
202343,2014-15,00,0,TOT,26.0,13,0,119.0,14,37,0.378,8,18,0.444,1,4,0.25,0,8,8,12,4,0,4,12,37
202344,2014-15,00,1610612762,UTA,27.0,79,5,1564.0,226,464,0.487,29,84,0.345,86,148,0.581,139,258,397,83,43,41,88,144,567
202347,2014-15,00,1610612763,MEM,27.0,30,2,540.0,48,135,0.356,17,73,0.233,21,30,0.7,20,37,57,28,5,5,10,47,134
202347,2014-15,00,1610612740,NOP,27.0,45,28,1253.0,140,312,0.449,74,171,0.433,50,66,0.758,33,105,138,66,14,19,41,103,404
202347,2014-15,00,0,TOT,27.0,75,30,1793.0,188,447,0.421,91,244,0.373,71,96,0.74,53,142,195,94,19,24,51,150,538
202349,2014-15,00,1610612761,TOR,28.0,82,29,1991.0,296,725,0.408,133,351,0.379,50,66,0.758,22,194,216,302,46,10,119,177,775
202355,2014-15,00,1610612748,MIA,26.0,48,32,1142.0,243,387,0.628,0,0,0.0,78,156,0.5,145,337,482,6,27,123,58,129,564
202361,2014-15,00,1610612761,TOR,27.0,26,9,216.0,20,41,0.488,1,2,0.5,5,6,0.833,10,16,26,15,11,0,8,9,46
202362,2014-15,00,1610612766,CHA,24.0,61,25,1573.0,207,550,0.376,18,105,0.171,69,110,0.627,39,238,277,240,38,8,128,134,501
202366,2014-15,00,1610612751,BKN,28.0,44,0,383.0,50,94,0.532,0,0,0.0,38,44,0.864,52,53,105,13,8,15,22,58,138
202379,2014-15,00,1610612762,UTA,27.0,38,0,266.0,32,58,0.552,2,5,0.4,24,29,0.828,26,45,71,13,11,12,5,29,90
202388,2014-15,00,1610612754,IND,27.0,53,21,1107.0,145,355,0.408,41,131,0.313,60,77,0.779,12,131,143,190,23,0,65,47,391
202389,2014-15,00,1610612743,DEN,28.0,35,35,897.0,117,232,0.504,2,6,0.333,63,86,0.733,91,181,272,16,15,41,47,114,299
202389,2014-15,00,1610612739,CLE,28.0,46,45,1149.0,197,334,0.59,0,0,0.0,92,130,0.708,112,207,319,39,18,56,69,113,486
202389,2014-15,00,0,TOT,28.0,81,80,2046.0,314,566,0.555,2,6,0.333,155,216,0.718,203,388,591,55,33,97,116,227,785
202390,2014-15,00,1610612766,CHA,30.0,43,0,931.0,143,398,0.359,39,133,0.293,88,102,0.863,14,80,94,80,16,1,55,70,413
202390,2014-15,00,1610612750,MIN,30.0,11,1,262.0,45,105,0.429,11,31,0.355,29,33,0.879,0,35,35,20,7,0,10,18,130
202390,2014-15,00,0,TOT,30.0,54,1,1192.0,188,503,0.374,50,164,0.305,117,135,0.867,14,115,129,100,23,1,65,88,543
202391,2014-15,00,1610612747,LAL,26.0,74,30,1907.0,277,654,0.424,65,176,0.369,213,268,0.795,26,170,196,339,82,32,166,189,832
202397,2014-15,00,1610612760,OKC,26.0,30,0,155.0,15,45,0.333,1,5,0.2,6,9,0.667,5,22,27,28,4,1,9,12,37
202397,2014-15,00,1610612755,PHI,26.0,25,14,677.0,128,322,0.398,17,55,0.309,28,48,0.583,10,63,73,152,32,5,69,38,301
202397,2014-15,00,0,TOT,26.0,55,14,831.0,143,367,0.39,18,60,0.3,34,57,0.596,15,85,100,180,36,6,78,50,338
202399,2014-15,00,1610612750,MIN,29.0,17,0,215.0,19,44,0.432,0,0,0.0,22,38,0.579,23,54,77,15,4,9,9,30,60
202407,2014-15,00,1610612762,UTA,27.0,47,5,924.0,81,238,0.34,28,90,0.311,58,86,0.674,28,122,150,58,56,16,67,124,248
202498,2014-15,00,1610612760,OKC,27.0,22,13,450.0,45,126,0.357,0,1,0.0,23,33,0.697,28,47,75,20,11,0,17,38,113
202498,2014-15,00,1610612752,NYK,27.0,40,24,1040.0,137,316,0.434,7,21,0.333,49,66,0.742,37,83,120,49,26,8,57,63,330
202498,2014-15,00,0,TOT,27.0,62,37,1491.0,182,442,0.412,7,22,0.318,72,99,0.727,65,130,195,69,37,8,74,101,443
202681,2014-15,00,1610612739,CLE,23.0,75,75,2730.0,578,1235,0.468,157,378,0.415,315,365,0.863,55,182,237,389,114,20,186,146,1628
202682,2014-15,00,1610612758,SAC,24.0,74,6,1462.0,217,485,0.447,49,156,0.314,134,196,0.684,41,161,202,50,34,4,56,67,617
202683,2014-15,00,1610612762,UTA,23.0,49,48,1326.0,286,582,0.491,13,41,0.317,93,118,0.788,147,237,384,26,23,16,93,114,678
202683,2014-15,00,1610612760,OKC,23.0,26,26,809.0,196,346,0.566,3,4,0.75,90,116,0.776,130,157,287,29,13,13,52,75,485
202683,2014-15,00,0,TOT,23.0,75,74,2136.0,482,928,0.519,16,45,0.356,183,234,0.782,277,394,671,55,36,29,145,189,1163
202684,2014-15,00,1610612739,CLE,24.0,82,15,2194.0,267,488,0.547,0,0,0.0,159,248,0.641,274,383,657,39,34,61,83,189,693
202685,2014-15,00,1610612761,TOR,23.0,80,80,2096.0,373,652,0.572,0,1,0.0,217,276,0.786,215,478,693,39,33,95,109,222,963
202687,2014-15,00,1610612766,CHA,22.0,64,21,1243.0,101,186,0.543,0,0,0.0,102,175,0.583,159,248,407,16,18,99,52,140,304
202688,2014-15,00,1610612749,MIL,23.0,52,52,1688.0,324,745,0.435,104,254,0.409,171,194,0.881,26,195,221,281,84,9,166,93,923
202688,2014-15,00,1610612756,PHX,23.0,11,9,347.0,51,143,0.357,21,67,0.313,24,29,0.828,2,21,23,49,6,1,23,21,147
202688,2014-15,00,0,TOT,23.0,63,61,2035.0,375,888,0.422,125,321,0.389,195,223,0.874,28,216,244,330,90,10,189,114,1070
202689,2014-15,00,1610612766,CHA,25.0,62,58,2119.0,378,981,0.385,85,280,0.304,234,283,0.827,35,185,220,318,89,31,100,92,1075
202690,2014-15,00,1610612740,NOP,26.0,50,0,509.0,63,166,0.38,9,48,0.188,43,45,0.956,8,32,40,58,15,2,33,43,178
202691,2014-15,00,1610612744,GSW,25.0,77,77,2455.0,602,1299,0.463,239,545,0.439,225,256,0.879,27,220,247,222,87,60,149,122,1668
202692,2014-15,00,1610612762,UTA,23.0,27,27,899.0,121,300,0.403,26,68,0.382,106,129,0.822,19,95,114,82,17,5,52,64,374
202693,2014-15,00,1610612756,PHX,25.0,82,82,2581.0,512,1100,0.465,57,179,0.318,177,232,0.763,110,396,506,192,101,39,170,245,1258
202694,2014-15,00,1610612756,PHX,25.0,81,35,2045.0,331,763,0.434,112,313,0.358,71,113,0.628,73,312,385,133,63,16,73,188,845
202695,2014-15,00,1610612759,SAS,24.0,64,64,2033.0,394,822,0.479,67,192,0.349,202,252,0.802,85,376,461,161,148,48,97,128,1057
202696,2014-15,00,1610612753,ORL,24.0,74,74,2529.0,631,1206,0.523,2,6,0.333,164,218,0.752,238,572,810,147,54,54,148,220,1428
202697,2014-15,00,1610612752,NYK,25.0,24,24,625.0,88,215,0.409,23,66,0.348,25,37,0.676,22,59,81,78,30,3,42,67,224
202697,2014-15,00,1610612739,CLE,25.0,38,1,920.0,105,256,0.41,44,130,0.338,18,27,0.667,33,110,143,57,51,13,49,71,272
202697,2014-15,00,0,TOT,25.0,62,25,1545.0,193,471,0.41,67,196,0.342,43,64,0.672,55,169,224,135,81,16,91,138,496
202699,2014-15,00,1610612753,ORL,22.0,68,63,2369.0,442,949,0.466,87,239,0.364,193,245,0.788,73,357,430,124,69,36,115,134,1164
202700,2014-15,00,1610612745,HOU,24.0,71,62,2037.0,353,700,0.504,49,133,0.368,100,166,0.602,137,284,421,130,56,34,123,203,855
202702,2014-15,00,1610612743,DEN,25.0,75,71,2086.0,373,736,0.507,1,8,0.125,199,288,0.691,242,426,668,89,62,57,118,211,946
202703,2014-15,00,1610612741,CHI,24.0,82,3,1654.0,253,624,0.405,99,313,0.316,228,284,0.803,63,341,404,97,54,54,89,172,833
202704,2014-15,00,1610612760,OKC,25.0,50,13,1398.0,249,576,0.432,44,158,0.278,99,115,0.861,28,173,201,214,42,5,91,94,641
202704,2014-15,00,1610612765,DET,25.0,27,27,870.0,183,420,0.436,28,83,0.337,82,103,0.796,28,98,126,248,20,4,95,73,476
202704,2014-15,00,0,TOT,25.0,77,40,2268.0,432,996,0.434,72,241,0.299,181,218,0.83,56,271,327,462,62,9,186,167,1117
202706,2014-15,00,1610612746,LAC,24.0,14,2,122.0,14,35,0.4,10,21,0.476,0,0,0.0,2,14,16,7,2,0,4,14,38
202708,2014-15,00,1610612748,MIA,26.0,47,23,1148.0,118,306,0.386,27,102,0.265,32,46,0.696,12,96,108,165,42,8,58,75,295
202708,2014-15,00,1610612740,NOP,26.0,28,2,683.0,112,252,0.444,28,74,0.378,26,35,0.743,1,50,51,90,15,7,41,49,278
202708,2014-15,00,0,TOT,26.0,75,25,1831.0,230,558,0.412,55,176,0.313,58,81,0.716,13,146,159,255,57,15,99,124,573
202709,2014-15,00,1610612759,SAS,23.0,79,14,1444.0,207,411,0.504,16,44,0.364,105,143,0.734,44,148,192,188,46,17,67,105,535
202710,2014-15,00,1610612741,CHI,25.0,65,65,2513.0,421,912,0.462,73,193,0.378,386,463,0.834,114,265,379,212,114,36,93,108,1301
202711,2014-15,00,1610612751,BKN,26.0,78,28,1854.0,261,576,0.453,91,256,0.355,87,106,0.821,50,163,213,68,34,9,78,104,700
202713,2014-15,00,1610612765,DET,27.0,54,40,1287.0,140,350,0.4,76,187,0.406,29,36,0.806,23,116,139,67,33,14,42,98,385
202713,2014-15,00,1610612760,OKC,27.0,26,18,456.0,32,96,0.333,20,54,0.37,11,16,0.688,10,45,55,18,14,7,13,55,95
202713,2014-15,00,0,TOT,27.0,80,58,1744.0,172,446,0.386,96,241,0.398,40,52,0.769,33,161,194,85,47,21,55,153,480
202714,2014-15,00,1610612737,ATL,25.0,55,0,833.0,117,292,0.401,40,127,0.315,25,31,0.806,8,71,79,155,30,2,49,32,299
202718,2014-15,00,1610612742,DAL,26.0,66,66,2186.0,383,829,0.462,132,347,0.38,139,193,0.72,64,259,323,161,69,19,96,140,1037
202720,2014-15,00,1610612763,MEM,26.0,63,6,824.0,121,273,0.443,7,29,0.241,37,59,0.627,50,157,207,46,17,9,35,86,286
202721,2014-15,00,1610612751,BKN,24.0,38,0,299.0,36,106,0.34,7,33,0.212,4,9,0.444,7,20,27,48,9,0,21,20,83
202730,2014-15,00,1610612754,IND,26.0,63,0,1070.0,141,299,0.472,0,0,0.0,33,47,0.702,123,200,323,73,15,42,40,102,315
202734,2014-15,00,1610612741,CHI,26.0,56,0,504.0,62,139,0.446,13,38,0.342,12,20,0.6,12,34,46,33,20,6,14,45,149
202738,2014-15,00,1610612756,PHX,26.0,46,1,1181.0,218,512,0.426,81,207,0.391,184,211,0.872,26,83,109,171,45,5,89,105,701
202738,2014-15,00,1610612738,BOS,26.0,21,0,545.0,117,284,0.412,48,139,0.345,118,137,0.861,7,37,44,113,12,0,54,45,400
202738,2014-15,00,0,TOT,26.0,67,1,1726.0,335,796,0.421,129,346,0.373,302,348,0.868,33,120,153,284,57,5,143,150,1101
202952,2014-15,00,1610612755,PHI,26.0,17,0,194.0,18,40,0.45,0,7,0.0,9,13,0.692,16,40,56,7,3,1,13,17,45
202962,2014-15,00,1610612742,DAL,24.0,42,2,363.0,30,49,0.612,0,0,0.0,20,39,0.513,26,53,79,9,7,11,11,53,80
203076,2014-15,00,1610612740,NOP,22.0,68,68,2455.0,642,1199,0.535,1,12,0.083,371,461,0.805,173,523,696,149,100,200,95,141,1656
203077,2014-15,00,1610612766,CHA,21.0,55,52,1587.0,224,482,0.465,0,0,0.0,150,214,0.701,109,307,416,77,30,38,63,115,598
203078,2014-15,00,1610612764,WAS,22.0,63,59,2107.0,363,851,0.427,106,259,0.409,130,166,0.783,57,184,241,194,76,18,123,136,962
203079,2014-15,00,1610612739,CLE,23.0,33,3,786.0,138,342,0.404,22,86,0.256,47,60,0.783,12,45,57,74,44,10,50,59,345
203079,2014-15,00,1610612760,OKC,23.0,47,20,1422.0,237,604,0.392,51,160,0.319,70,112,0.625,29,106,135,89,46,11,63,96,595
203079,2014-15,00,0,TOT,23.0,80,23,2208.0,375,946,0.396,73,246,0.297,117,172,0.68,41,151,192,163,90,21,113,155,940
203080,2014-15,00,1610612757,POR,24.0,32,4,391.0,47,91,0.516,0,0,0.0,21,48,0.438,33,100,133,9,16,11,33,54,115
203080,2014-15,00,1610612755,PHI,24.0,22,0,407.0,79,169,0.467,0,2,0.0,35,58,0.603,62,108,170,24,16,9,26,50,193
203080,2014-15,00,0,TOT,24.0,54,4,798.0,126,260,0.485,0,2,0.0,56,106,0.528,95,208,303,33,32,20,59,104,308
203081,2014-15,00,1610612757,POR,24.0,82,82,2925.0,590,1360,0.434,196,572,0.343,344,398,0.864,49,329,378,507,97,21,222,164,1720
203082,2014-15,00,1610612761,TOR,24.0,82,61,2092.0,309,753,0.41,145,390,0.372,44,56,0.786,32,194,226,86,53,25,69,136,807
203083,2014-15,00,1610612765,DET,21.0,82,82,2502.0,494,961,0.514,0,2,0.0,142,365,0.389,437,667,1104,55,73,153,120,285,1130
203084,2014-15,00,1610612744,GSW,23.0,82,82,2318.0,316,656,0.482,87,215,0.405,108,150,0.72,117,336,453,116,61,19,71,146,827
203085,2014-15,00,1610612740,NOP,22.0,35,3,772.0,86,222,0.387,14,50,0.28,53,71,0.746,12,56,68,87,18,7,30,65,239
203085,2014-15,00,1610612746,LAC,22.0,41,2,791.0,117,274,0.427,25,81,0.309,32,55,0.582,15,69,84,68,30,7,35,81,291
203085,2014-15,00,0,TOT,22.0,76,5,1563.0,203,496,0.409,39,131,0.298,85,126,0.675,27,125,152,155,48,14,65,146,530
203086,2014-15,00,1610612757,POR,23.0,55,7,847.0,125,245,0.51,47,112,0.42,30,32,0.938,46,204,250,32,10,14,39,113,327
203087,2014-15,00,1610612760,OKC,23.0,47,8,633.0,104,250,0.416,38,111,0.342,49,55,0.891,8,99,107,44,21,6,27,52,295
203088,2014-15,00,1610612749,MIL,23.0,28,3,417.0,46,101,0.455,18,46,0.391,8,9,0.889,2,26,28,86,21,0,35,26,118
203089,2014-15,00,1610612749,MIL,24.0,67,11,1228.0,196,346,0.566,0,0,0.0,78,137,0.569,124,188,312,59,28,135,87,152,470
203090,2014-15,00,1610612753,ORL,22.0,45,4,674.0,63,158,0.399,10,56,0.179,22,41,0.537,38,68,106,25,32,9,27,66,158
203092,2014-15,00,1610612738,BOS,25.0,82,59,1731.0,340,619,0.549,0,0,0.0,153,186,0.823,146,319,465,113,18,52,76,205,833
203093,2014-15,00,1610612745,HOU,23.0,33,24,889.0,158,299,0.528,13,37,0.351,57,94,0.606,78,142,220,36,18,59,37,78,386
203094,2014-15,00,1610612753,ORL,25.0,40,3,492.0,83,190,0.437,13,41,0.317,15,25,0.6,17,65,82,22,6,12,24,51,194
203095,2014-15,00,1610612753,ORL,22.0,58,32,1661.0,253,575,0.44,85,225,0.378,107,147,0.728,28,125,153,120,40,2,82,116,698
203096,2014-15,00,1610612738,BOS,23.0,58,49,1566.0,311,708,0.439,52,184,0.283,96,129,0.744,147,294,441,134,44,42,78,153,770
203098,2014-15,00,1610612737,ATL,24.0,24,3,297.0,49,99,0.495,21,52,0.404,16,19,0.842,2,37,39,13,10,0,8,15,135
203099,2014-15,00,1610612746,LAC,24.0,19,0,89.0,12,33,0.364,4,13,0.308,7,13,0.538,1,8,9,10,3,0,7,12,35
203100,2014-15,00,1610612755,PHI,22.0,30,15,895.0,175,434,0.403,37,142,0.261,120,180,0.667,22,64,86,157,48,8,113,72,507
203101,2014-15,00,1610612756,PHX,26.0,54,28,1005.0,107,195,0.549,0,0,0.0,19,38,0.5,95,179,274,27,35,55,45,99,233
203101,2014-15,00,1610612749,MIL,26.0,19,0,189.0,29,59,0.492,0,0,0.0,3,8,0.375,17,29,46,7,6,11,6,12,61
203101,2014-15,00,0,TOT,26.0,73,28,1194.0,136,254,0.535,0,0,0.0,22,46,0.478,112,208,320,34,41,66,51,111,294
203103,2014-15,00,1610612760,OKC,23.0,43,13,631.0,73,184,0.397,14,60,0.233,24,37,0.649,6,70,76,18,17,8,24,50,184
203105,2014-15,00,1610612744,GSW,25.0,46,7,504.0,76,139,0.547,0,0,0.0,49,78,0.628,60,95,155,9,7,42,32,77,201
203106,2014-15,00,1610612766,CHA,26.0,29,13,430.0,45,114,0.395,11,36,0.306,26,41,0.634,14,39,53,22,12,1,19,36,127
203108,2014-15,00,1610612742,DAL,30.0,16,2,158.0,12,27,0.444,0,0,0.0,20,23,0.87,18,21,39,4,2,15,6,17,44
203109,2014-15,00,1610612742,DAL,24.0,25,0,265.0,33,76,0.434,13,38,0.342,10,11,0.909,12,17,29,12,15,5,10,26,89
203109,2014-15,00,1610612738,BOS,24.0,57,17,1382.0,196,469,0.418,48,170,0.282,99,130,0.762,60,204,264,82,57,20,39,111,539
203109,2014-15,00,0,TOT,24.0,82,17,1647.0,229,545,0.42,61,208,0.293,109,141,0.773,72,221,293,94,72,25,49,137,628
203110,2014-15,00,1610612744,GSW,25.0,79,79,2490.0,339,765,0.443,111,329,0.337,132,200,0.66,114,533,647,291,123,99,133,253,921
203112,2014-15,00,1610612752,NYK,24.0,68,22,1287.0,152,331,0.459,18,60,0.3,76,97,0.784,79,222,301,68,27,22,60,147,398
203114,2014-15,00,1610612749,MIL,23.0,79,58,2378.0,406,869,0.467,109,268,0.407,134,156,0.859,48,299,347,182,122,11,113,183,1055
203115,2014-15,00,1610612757,POR,24.0,30,0,300.0,38,100,0.38,4,18,0.222,10,15,0.667,3,31,34,27,14,4,17,20,90
203115,2014-15,00,1610612743,DEN,24.0,28,0,683.0,112,253,0.443,19,67,0.284,64,79,0.81,23,105,128,54,34,15,44,50,307
203115,2014-15,00,0,TOT,24.0,58,0,984.0,150,353,0.425,23,85,0.271,74,94,0.787,26,136,162,81,48,19,61,70,397
203118,2014-15,00,1610612737,ATL,26.0,68,0,1123.0,201,453,0.444,66,192,0.344,61,77,0.792,45,154,199,75,25,3,39,83,529
203120,2014-15,00,1610612748,MIA,25.0,24,5,289.0,27,65,0.415,6,19,0.316,6,7,0.857,24,24,48,12,8,5,8,33,66
203120,2014-15,00,1610612750,MIN,25.0,17,9,423.0,58,113,0.513,4,12,0.333,33,40,0.825,33,53,86,24,19,25,18,37,153
203120,2014-15,00,0,TOT,25.0,41,14,713.0,85,178,0.478,10,31,0.323,39,47,0.83,57,77,134,36,27,30,26,70,219
203121,2014-15,00,1610612740,NOP,25.0,5,1,43.0,1,7,0.143,0,1,0.0,0,0,0.0,0,1,1,2,1,0,1,8,2
203123,2014-15,00,1610612745,HOU,24.0,43,1,795.0,69,197,0.35,31,106,0.292,13,18,0.722,39,79,118,85,29,13,55,71,182
203124,2014-15,00,1610612753,ORL,25.0,51,17,824.0,119,242,0.492,12,43,0.279,44,57,0.772,46,153,199,59,31,39,55,110,294
203128,2014-15,00,1610612755,PHI,23.0,41,9,540.0,40,78,0.513,0,5,0.0,13,27,0.481,78,98,176,28,17,16,17,96,93
203133,2014-15,00,1610612750,MIN,26.0,45,4,742.0,79,172,0.459,16,51,0.314,24,29,0.828,31,103,134,27,16,9,18,86,198
203135,2014-15,00,1610612747,LAL,26.0,67,18,1133.0,126,306,0.412,0,1,0.0,55,82,0.671,89,144,233,55,28,43,36,121,307
203136,2014-15,00,1610612744,GSW,25.0,16,0,72.0,8,12,0.667,0,0,0.0,4,4,1.0,7,10,17,6,2,1,5,13,20
203138,2014-15,00,1610612755,PHI,24.0,71,23,1776.0,224,543,0.413,115,287,0.401,63,89,0.708,53,145,198,85,57,26,66,141,626
203141,2014-15,00,1610612751,BKN,29.0,40,4,892.0,122,319,0.382,62,193,0.321,33,46,0.717,27,167,194,46,14,16,53,74,339
203142,2014-15,00,1610612754,IND,31.0,50,12,828.0,112,310,0.361,52,167,0.311,33,45,0.733,23,88,111,51,11,11,59,78,309
203143,2014-15,00,1610612752,NYK,38.0,43,3,795.0,68,161,0.422,43,115,0.374,22,26,0.846,18,62,80,104,52,1,47,53,201
203143,2014-15,00,1610612745,HOU,38.0,24,0,402.0,23,67,0.343,14,51,0.275,13,15,0.867,12,27,39,67,27,0,15,35,73
203143,2014-15,00,0,TOT,38.0,67,3,1197.0,91,228,0.399,57,166,0.343,35,41,0.854,30,89,119,171,79,1,62,88,274
203144,2014-15,00,1610612755,PHI,26.0,17,0,285.0,52,130,0.4,17,57,0.298,48,57,0.842,8,14,22,46,14,1,18,21,169
203144,2014-15,00,1610612745,HOU,26.0,9,0,59.0,8,24,0.333,4,12,0.333,9,11,0.818,1,3,4,3,1,0,5,2,29
203144,2014-15,00,1610612752,NYK,26.0,16,9,423.0,73,181,0.403,26,70,0.371,64,82,0.78,14,59,73,57,15,5,25,25,236
203144,2014-15,00,0,TOT,26.0,42,9,767.0,133,335,0.397,47,139,0.338,121,150,0.807,23,76,99,106,30,6,48,48,434
203145,2014-15,00,1610612737,ATL,25.0,75,10,1324.0,141,331,0.426,48,132,0.364,60,100,0.6,21,201,222,78,52,33,73,127,390
203148,2014-15,00,1610612766,CHA,29.0,72,10,1330.0,176,452,0.389,62,193,0.321,66,74,0.892,13,96,109,162,33,6,57,75,480
203156,2014-15,00,1610612755,PHI,25.0,73,32,1399.0,238,502,0.474,4,22,0.182,106,137,0.774,121,238,359,79,39,30,99,135,586
203187,2014-15,00,1610612755,PHI,25.0,9,2,187.0,19,60,0.317,10,39,0.256,6,8,0.75,3,23,26,3,9,5,9,19,54
203187,2014-15,00,1610612749,MIL,25.0,8,0,128.0,12,30,0.4,5,18,0.278,2,2,1.0,2,9,11,5,5,2,0,7,31
203187,2014-15,00,1610612762,UTA,25.0,12,0,211.0,31,64,0.484,13,38,0.342,6,6,1.0,3,15,18,7,12,0,6,18,81
203187,2014-15,00,0,TOT,25.0,29,2,527.0,62,154,0.403,28,95,0.295,14,16,0.875,8,47,55,15,26,7,15,44,166
203200,2014-15,00,1610612744,GSW,26.0,59,4,657.0,91,235,0.387,35,109,0.321,37,45,0.822,12,61,73,48,40,12,29,54,254
203268,2014-15,00,1610612751,BKN,26.0,10,0,44.0,7,14,0.5,0,1,0.0,2,3,0.667,0,7,7,7,1,0,3,9,16
203268,2014-15,00,1610612749,MIL,26.0,10,1,131.0,15,27,0.556,0,2,0.0,7,10,0.7,5,13,18,15,5,0,9,16,37
203268,2014-15,00,0,TOT,26.0,20,1,174.0,22,41,0.537,0,3,0.0,9,13,0.692,5,20,25,22,6,0,12,25,53
203315,2014-15,00,1610612762,UTA,25.0,1,0,1.0,0,1,0.0,0,0,0.0,0,0,0.0,0,0,0,0,0,0,0,0,0
203315,2014-15,00,1610612764,WAS,25.0,4,0,17.0,2,4,0.5,0,0,0.0,2,2,1.0,1,0,1,1,1,0,4,2,6
203315,2014-15,00,0,TOT,25.0,5,0,18.0,2,5,0.4,0,0,0.0,2,2,1.0,1,0,1,1,1,0,4,2,6
203318,2014-15,00,1610612764,WAS,24.0,5,0,43.0,3,15,0.2,1,7,0.143,4,6,0.667,2,2,4,2,0,0,2,11,11
203382,2014-15,00,1610612759,SAS,28.0,70,17,1122.0,185,327,0.566,1,4,0.25,90,104,0.865,109,209,318,35,16,22,65,162,461
203457,2014-15,00,1610612755,PHI,21.0,75,71,2311.0,302,653,0.462,0,0,0.0,140,230,0.609,185,426,611,128,133,142,146,208,744
203458,2014-15,00,1610612756,PHX,22.0,69,44,1518.0,179,353,0.507,1,3,0.333,73,104,0.702,142,312,454,32,34,105,74,213,432
203459,2014-15,00,1610612757,POR,23.0,51,9,683.0,63,153,0.412,30,85,0.353,12,16,0.75,7,66,73,39,19,15,15,74,168
203460,2014-15,00,1610612760,OKC,23.0,67,65,1286.0,92,201,0.458,21,85,0.247,23,48,0.479,60,195,255,70,53,29,46,141,228
203461,2014-15,00,1610612750,MIN,22.0,57,3,894.0,125,297,0.421,7,23,0.304,41,64,0.641,52,164,216,48,27,16,36,87,298
203462,2014-15,00,1610612756,PHX,20.0,41,2,535.0,79,201,0.393,12,41,0.293,61,83,0.735,27,47,74,44,18,9,48,55,231
203463,2014-15,00,1610612758,SAC,22.0,82,82,2670.0,363,831,0.437,140,391,0.358,130,160,0.813,31,210,241,140,77,19,138,219,996
203468,2014-15,00,1610612757,POR,23.0,62,3,973.0,159,365,0.436,55,139,0.396,51,73,0.699,14,77,91,64,43,8,48,81,424
203469,2014-15,00,1610612766,CHA,22.0,62,45,1487.0,172,373,0.461,1,1,1.0,127,164,0.774,97,265,362,100,34,49,62,156,472
203471,2014-15,00,1610612737,ATL,21.0,77,10,1516.0,284,665,0.427,52,148,0.351,148,179,0.827,29,135,164,317,49,4,150,127,768
203473,2014-15,00,1610612753,ORL,25.0,59,15,845.0,91,162,0.562,0,1,0.0,34,64,0.531,118,177,295,9,16,50,51,141,216
203475,2014-15,00,1610612743,DEN,24.0,43,1,410.0,61,162,0.377,14,47,0.298,10,12,0.833,7,24,31,39,12,0,14,26,146
203476,2014-15,00,1610612750,MIN,25.0,73,49,2193.0,259,512,0.506,1,6,0.167,191,244,0.783,223,386,609,146,71,126,126,188,710
203477,2014-15,00,1610612745,HOU,24.0,25,9,369.0,53,131,0.405,32,84,0.381,16,21,0.762,11,22,33,29,14,0,23,28,154
203477,2014-15,00,1610612755,PHI,24.0,22,12,569.0,93,247,0.377,59,162,0.364,33,39,0.846,7,47,54,69,15,3,39,55,278
203477,2014-15,00,0,TOT,24.0,47,21,938.0,146,378,0.386,91,246,0.37,49,60,0.817,18,69,87,98,29,3,62,83,432
203481,2014-15,00,1610612740,NOP,25.0,37,0,259.0,32,64,0.5,0,0,0.0,34,50,0.68,23,41,64,11,4,18,12,26,98
203482,2014-15,00,1610612738,BOS,24.0,64,13,1424.0,251,528,0.475,61,175,0.349,93,136,0.684,92,211,303,109,64,39,98,213,656
203484,2014-15,00,1610612765,DET,22.0,82,82,2587.0,390,972,0.401,153,444,0.345,110,158,0.696,46,209,255,109,93,18,94,161,1043
203485,2014-15,00,1610612750,MIN,24.0,29,7,549.0,52,122,0.426,6,28,0.214,12,19,0.632,14,56,70,90,28,6,30,49,122
203486,2014-15,00,1610612751,BKN,25.0,82,45,1743.0,280,489,0.573,0,3,0.0,157,317,0.495,175,337,512,74,65,63,106,207,717
203487,2014-15,00,1610612755,PHI,23.0,41,38,1391.0,232,611,0.38,32,125,0.256,117,182,0.643,43,211,254,302,60,18,174,103,613
203487,2014-15,00,1610612749,MIL,23.0,25,25,758.0,132,308,0.429,4,28,0.143,85,109,0.78,21,78,99,140,51,12,79,64,353
203487,2014-15,00,0,TOT,23.0,66,63,2150.0,364,919,0.396,36,153,0.235,202,291,0.694,64,289,353,442,111,30,253,167,966
203488,2014-15,00,1610612737,ATL,23.0,40,8,502.0,83,151,0.55,9,22,0.409,22,25,0.88,52,67,119,25,16,19,21,52,197
203489,2014-15,00,1610612749,MIL,24.0,11,0,142.0,12,31,0.387,0,5,0.0,1,4,0.25,2,14,16,10,5,0,3,11,25
203489,2014-15,00,1610612740,NOP,24.0,10,0,105.0,8,26,0.308,0,2,0.0,1,2,0.5,6,12,18,11,3,2,10,7,17
203489,2014-15,00,0,TOT,24.0,21,0,247.0,20,57,0.351,0,7,0.0,2,6,0.333,8,26,34,21,8,2,13,18,42
203490,2014-15,00,1610612764,WAS,22.0,74,13,1432.0,176,391,0.45,35,104,0.337,58,79,0.734,70,151,221,65,44,30,52,97,445
203492,2014-15,00,1610612758,SAC,24.0,68,30,1436.0,206,470,0.438,34,111,0.306,57,84,0.679,52,128,180,188,45,11,85,92,503
203493,2014-15,00,1610612746,LAC,24.0,25,2,263.0,23,54,0.426,15,39,0.385,4,5,0.8,0,40,40,6,9,2,6,17,65
203493,2014-15,00,1610612756,PHX,24.0,11,0,75.0,1,16,0.063,0,7,0.0,2,4,0.5,1,9,10,2,1,2,2,2,4
203493,2014-15,00,0,TOT,24.0,36,2,338.0,24,70,0.343,15,46,0.326,6,9,0.667,1,49,50,8,10,4,8,19,69
203495,2014-15,00,1610612742,DAL,22.0,5,0,11.0,0,6,0.0,0,3,0.0,1,2,0.5,1,1,2,1,0,0,2,1,1
203495,2014-15,00,1610612752,NYK,22.0,12,0,233.0,32,90,0.356,10,24,0.417,15,20,0.75,15,19,34,18,6,1,24,20,89
203495,2014-15,00,0,TOT,22.0,17,0,244.0,32,96,0.333,10,27,0.37,16,22,0.727,16,20,36,19,6,1,26,21,90
203496,2014-15,00,1610612755,PHI,24.0,70,49,1956.0,299,756,0.396,167,446,0.374,178,217,0.82,65,251,316,105,97,31,128,189,943
203497,2014-15,00,1610612762,UTA,23.0,82,37,2158.0,258,427,0.604,0,2,0.0,170,273,0.623,265,510,775,109,64,189,111,175,686
203498,2014-15,00,1610612750,MIN,22.0,38,13,866.0,194,397,0.489,20,51,0.392,104,145,0.717,63,91,154,44,18,7,35,49,512
203499,2014-15,00,1610612752,NYK,22.0,76,22,1865.0,187,432,0.433,35,116,0.302,61,78,0.782,29,147,176,226,93,9,83,150,470
203500,2014-15,00,1610612760,OKC,21.0,70,67,1771.0,217,399,0.544,0,2,0.0,103,205,0.502,199,324,523,66,38,86,99,222,537
203501,2014-15,00,1610612752,NYK,23.0,70,30,1681.0,279,717,0.389,121,354,0.342,125,156,0.801,12,144,156,127,20,14,82,119,804
203503,2014-15,00,1610612741,CHI,23.0,72,22,1412.0,159,371,0.429,73,197,0.371,44,55,0.8,31,145,176,62,32,11,48,86,435
203504,2014-15,00,1610612762,UTA,22.0,76,43,2288.0,370,1005,0.368,124,390,0.318,109,145,0.752,31,173,204,328,65,15,124,119,973
203506,2014-15,00,1610612753,ORL,23.0,72,71,2573.0,473,1086,0.436,84,248,0.339,262,320,0.819,51,251,302,295,120,19,204,187,1292
203507,2014-15,00,1610612749,MIL,20.0,81,71,2541.0,383,780,0.491,7,44,0.159,257,347,0.741,100,442,542,207,73,85,173,254,1030
203508,2014-15,00,1610612751,BKN,21.0,33,16,555.0,54,134,0.403,16,54,0.296,29,38,0.763,22,44,66,46,23,1,24,45,153
203511,2014-15,00,1610612760,OKC,21.0,5,0,25.0,3,17,0.176,1,13,0.077,0,0,0.0,1,3,4,1,0,2,2,7,7
203511,2014-15,00,1610612762,UTA,21.0,3,0,26.0,4,9,0.444,0,2,0.0,1,1,1.0,1,4,5,2,2,0,1,4,9
203511,2014-15,00,0,TOT,21.0,8,0,51.0,7,26,0.269,1,15,0.067,1,1,1.0,2,7,9,3,2,2,3,11,16
203512,2014-15,00,1610612761,TOR,22.0,6,0,23.0,2,8,0.25,0,0,0.0,2,4,0.5,2,9,11,1,2,0,2,6,6
203515,2014-15,00,1610612738,BOS,24.0,50,0,600.0,64,174,0.368,16,65,0.246,33,49,0.673,13,67,80,117,30,6,41,54,177
203516,2014-15,00,1610612748,MIA,24.0,62,3,1051.0,101,247,0.409,31,95,0.326,79,94,0.84,51,125,176,48,25,17,39,89,312
203521,2014-15,00,1610612739,CLE,24.0,67,13,1380.0,111,307,0.362,68,167,0.407,29,38,0.763,37,89,126,204,24,2,61,152,319
203524,2014-15,00,1610612754,IND,24.0,82,78,2381.0,251,634,0.396,68,208,0.327,159,193,0.824,70,244,314,184,66,18,115,177,729
203527,2014-15,00,1610612747,LAL,24.0,52,34,1233.0,104,309,0.337,45,134,0.336,79,95,0.832,13,133,146,92,30,24,37,118,332
203530,2014-15,00,1610612743,DEN,23.0,24,1,268.0,36,89,0.404,3,16,0.188,18,28,0.643,27,50,77,13,8,10,22,43,93
203539,2014-15,00,1610612740,NOP,27.0,4,0,43.0,3,20,0.15,0,3,0.0,0,0,0.0,0,1,1,13,2,0,2,1,6
203540,2014-15,00,1610612765,DET,27.0,3,0,17.0,5,12,0.417,1,4,0.25,0,0,0.0,1,3,4,2,1,0,2,1,11
203540,2014-15,00,1610612738,BOS,27.0,18,1,192.0,38,77,0.494,17,36,0.472,1,1,1.0,2,23,25,7,1,7,7,14,94
203540,2014-15,00,0,TOT,27.0,21,1,209.0,43,89,0.483,18,40,0.45,1,1,1.0,3,26,29,9,2,7,9,15,105
203544,2014-15,00,1610612737,ATL,32.0,63,3,1037.0,108,296,0.365,52,173,0.301,88,123,0.715,58,131,189,49,18,14,49,132,356
203545,2014-15,00,1610612750,MIN,27.0,5,0,23.0,3,8,0.375,0,0,0.0,2,2,1.0,2,3,5,0,1,0,2,8,8
203546,2014-15,00,1610612762,UTA,24.0,23,0,161.0,15,44,0.341,9,25,0.36,5,5,1.0,4,9,13,10,6,2,7,12,44
203546,2014-15,00,1610612743,DEN,24.0,7,0,31.0,4,11,0.364,1,5,0.2,4,4,1.0,0,3,3,2,3,1,2,8,13
203546,2014-15,00,0,TOT,24.0,30,0,192.0,19,55,0.345,10,30,0.333,9,9,1.0,4,12,16,12,9,3,9,20,57
203561,2014-15,00,1610612755,PHI,23.0,20,6,379.0,49,119,0.412,7,30,0.233,21,33,0.636,35,38,73,28,17,4,25,54,126
203561,2014-15,00,1610612751,BKN,23.0,7,0,44.0,6,18,0.333,1,4,0.25,3,4,0.75,3,7,10,2,1,3,4,5,16
203561,2014-15,00,0,TOT,23.0,27,6,423.0,55,137,0.401,8,34,0.235,24,37,0.649,38,45,83,30,18,7,29,59,142
203564,2014-15,00,1610612763,MEM,26.0,1,0,6.0,0,1,0.0,0,0,0.0,0,0,0.0,0,0,0,0,1,0,0,1,0
203565,2014-15,00,1610612762,UTA,27.0,4,1,29.0,3,12,0.25,0,4,0.0,0,0,0.0,2,4,6,0,1,0,1,6,6
203580,2014-15,00,1610612755,PHI,25.0,12,1,219.0,20,58,0.345,4,26,0.154,2,3,0.667,1,14,15,45,6,0,25,13,46
203584,2014-15,00,1610612745,HOU,23.0,17,0,108.0,15,47,0.319,13,43,0.302,3,4,0.75,0,6,6,4,0,0,5,14,46
203584,2014-15,00,1610612750,MIN,23.0,19,0,154.0,19,59,0.322,13,39,0.333,2,2,1.0,6,13,19,13,3,0,8,14,53
203584,2014-15,00,1610612766,CHA,23.0,11,0,135.0,27,59,0.458,17,36,0.472,6,7,0.857,2,6,8,5,3,1,7,12,77
203584,2014-15,00,0,TOT,23.0,47,0,397.0,61,165,0.37,43,118,0.364,11,13,0.846,8,25,33,22,6,1,20,40,176
203798,2014-15,00,1610612766,CHA,22.0,45,2,687.0,87,269,0.323,49,163,0.301,31,36,0.861,22,70,92,21,21,13,22,61,254
203805,2014-15,00,1610612739,CLE,24.0,8,0,69.0,5,19,0.263,2,9,0.222,3,6,0.5,1,4,5,8,6,1,4,10,15
203893,2014-15,00,1610612740,NOP,24.0,6,0,29.0,2,10,0.2,1,6,0.167,0,0,0.0,0,3,3,2,0,0,7,6,5
203893,2014-15,00,1610612763,MEM,24.0,6,0,36.0,6,15,0.4,1,5,0.2,12,13,0.923,1,2,3,6,3,0,5,7,25
203893,2014-15,00,0,TOT,24.0,12,0,65.0,8,25,0.32,2,11,0.182,12,13,0.923,1,5,6,8,3,0,12,13,30
203894,2014-15,00,1610612748,MIA,23.0,51,10,1012.0,87,228,0.382,43,118,0.364,44,56,0.786,17,96,113,130,40,4,81,76,261
203897,2014-15,00,1610612750,MIN,20.0,77,40,1902.0,286,677,0.422,57,167,0.341,149,177,0.842,27,187,214,276,54,10,193,158,778
203898,2014-15,00,1610612756,PHX,20.0,8,0,58.0,9,21,0.429,2,6,0.333,2,2,1.0,1,6,7,14,0,2,8,3,22
203898,2014-15,00,1610612749,MIL,20.0,25,1,353.0,43,123,0.35,10,37,0.27,3,5,0.6,6,22,28,59,18,3,34,33,99
203898,2014-15,00,0,TOT,20.0,33,1,411.0,52,144,0.361,12,43,0.279,5,7,0.714,7,28,35,73,18,5,42,36,121
203900,2014-15,00,1610612751,BKN,23.0,47,29,781.0,76,210,0.362,17,64,0.266,47,57,0.825,16,91,107,39,31,12,27,57,216
203901,2014-15,00,1610612753,ORL,21.0,82,63,2489.0,301,708,0.425,11,42,0.262,118,214,0.551,107,242,349,533,142,20,203,193,731
203903,2014-15,00,1610612747,LAL,23.0,59,38,1476.0,267,596,0.448,38,121,0.314,131,158,0.829,56,135,191,206,51,12,96,109,703
203906,2014-15,00,1610612753,ORL,22.0,16,7,208.0,14,44,0.318,4,22,0.182,5,16,0.313,5,26,31,17,9,2,9,14,37
203909,2014-15,00,1610612755,PHI,22.0,52,15,1319.0,167,419,0.399,43,147,0.293,99,131,0.756,64,131,195,70,44,68,104,121,476
203909,2014-15,00,1610612745,HOU,22.0,10,0,33.0,5,15,0.333,0,3,0.0,1,2,0.5,1,4,5,2,0,2,1,5,11
203909,2014-15,00,0,TOT,22.0,62,15,1352.0,172,434,0.396,43,150,0.287,100,133,0.752,65,135,200,72,44,70,105,126,487
203910,2014-15,00,1610612745,HOU,22.0,28,0,262.0,26,75,0.347,5,21,0.238,17,25,0.68,13,26,39,11,7,3,19,34,74
203912,2014-15,00,1610612746,LAC,24.0,21,0,101.0,16,38,0.421,7,19,0.368,2,2,1.0,1,6,7,8,3,1,10,7,41
203914,2014-15,00,1610612743,DEN,20.0,55,6,719.0,66,217,0.304,21,103,0.204,35,47,0.745,21,43,64,29,39,7,38,71,188
203915,2014-15,00,1610612765,DET,22.0,34,1,455.0,51,169,0.302,12,65,0.185,31,34,0.912,4,44,48,104,19,6,33,53,145
203917,2014-15,00,1610612758,SAC,21.0,73,1,1127.0,108,296,0.365,48,149,0.322,55,64,0.859,11,77,88,67,20,17,40,92,319
203918,2014-15,00,1610612762,UTA,22.0,50,21,1064.0,155,374,0.414,62,170,0.365,61,80,0.763,9,108,117,83,30,12,45,119,433
203919,2014-15,00,1610612763,MEM,20.0,30,0,248.0,35,86,0.407,10,25,0.4,14,23,0.609,9,19,28,16,16,7,14,24,94
203921,2014-15,00,1610612752,NYK,24.0,39,7,647.0,76,214,0.355,22,84,0.262,36,48,0.75,22,75,97,36,24,12,40,57,210
203922,2014-15,00,1610612750,MIN,21.0,25,0,108.0,8,24,0.333,1,6,0.167,12,16,0.75,4,10,14,3,3,0,3,5,29
203922,2014-15,00,1610612755,PHI,21.0,10,1,153.0,18,43,0.419,4,13,0.308,4,8,0.5,11,14,25,8,3,1,8,10,44
203922,2014-15,00,0,TOT,21.0,35,1,261.0,26,67,0.388,5,19,0.263,16,24,0.667,15,24,39,11,6,1,11,15,73
203923,2014-15,00,1610612738,BOS,19.0,31,0,332.0,36,102,0.353,17,66,0.258,16,29,0.552,9,33,42,13,8,2,5,22,105
203924,2014-15,00,1610612755,PHI,21.0,65,11,1377.0,124,352,0.352,49,156,0.314,114,193,0.591,49,149,198,79,40,68,85,144,411
203925,2014-15,00,1610612739,CLE,23.0,51,1,493.0,48,120,0.4,31,84,0.369,9,15,0.6,7,34,41,26,7,2,27,62,136
203926,2014-15,00,1610612741,CHI,23.0,36,0,321.0,43,107,0.402,13,41,0.317,10,15,0.667,6,37,43,6,4,1,17,29,109
203928,2014-15,00,1610612751,BKN,24.0,50,1,531.0,75,167,0.449,2,15,0.133,31,54,0.574,47,98,145,16,10,21,20,61,183
203932,2014-15,00,1610612753,ORL,19.0,47,8,797.0,93,208,0.447,13,48,0.271,44,61,0.721,46,123,169,33,21,22,38,83,243
203933,2014-15,00,1610612756,PHX,21.0,40,1,614.0,113,214,0.528,5,21,0.238,14,19,0.737,41,44,85,25,18,9,27,51,245
203935,2014-15,00,1610612738,BOS,21.0,67,38,1808.0,175,477,0.367,91,272,0.335,82,127,0.646,61,161,222,208,99,18,90,176,523
203937,2014-15,00,1610612759,SAS,21.0,33,8,358.0,31,89,0.348,3,11,0.273,9,14,0.643,5,67,72,28,15,7,10,28,74
203939,2014-15,00,1610612738,BOS,23.0,5,0,9.0,4,5,0.8,0,0,0.0,1,2,0.5,0,1,1,0,2,0,2,1,9
203939,2014-15,00,1610612742,DAL,23.0,24,0,227.0,27,62,0.435,3,11,0.273,24,31,0.774,18,31,49,9,7,6,9,39,81
203939,2014-15,00,0,TOT,23.0,29,0,236.0,31,67,0.463,3,11,0.273,25,33,0.758,18,32,50,9,9,6,11,40,90
203940,2014-15,00,1610612737,ATL,24.0,3,0,19.0,2,7,0.286,0,1,0.0,1,2,0.5,1,3,4,0,1,0,0,4,5
203940,2014-15,00,1610612750,MIN,24.0,29,22,720.0,89,213,0.418,1,8,0.125,29,44,0.659,47,111,158,30,18,9,44,84,208
203940,2014-15,00,0,TOT,24.0,32,22,740.0,91,220,0.414,1,9,0.111,30,46,0.652,48,114,162,30,19,9,44,88,213
203943,2014-15,00,1610612766,CHA,19.0,25,0,259.0,30,76,0.395,5,13,0.385,18,26,0.692,28,58,86,4,4,9,11,20,83
203944,2014-15,00,1610612747,LAL,20.0,1,0,14.0,1,3,0.333,0,0,0.0,0,2,0.0,0,0,0,0,0,0,1,1,2
203945,2014-15,00,1610612739,CLE,23.0,5,0,14.0,1,4,0.25,0,0,0.0,2,2,1.0,1,0,1,1,0,0,0,1,4
203946,2014-15,00,1610612741,CHI,24.0,18,1,64.0,3,14,0.214,0,0,0.0,4,5,0.8,6,2,8,1,2,1,3,8,10
203948,2014-15,00,1610612749,MIL,22.0,34,15,368.0,44,120,0.367,0,0,0.0,12,27,0.444,26,38,64,17,5,4,25,44,100
203949,2014-15,00,1610612744,GSW,22.0,15,0,137.0,24,44,0.545,0,0,0.0,14,25,0.56,15,22,37,2,5,9,6,21,62
203950,2014-15,00,1610612763,MEM,21.0,19,2,126.0,21,37,0.568,0,0,0.0,15,28,0.536,16,18,34,4,5,5,7,25,57
203952,2014-15,00,1610612750,MIN,20.0,82,82,2969.0,497,1137,0.437,39,126,0.31,354,466,0.76,134,240,374,170,86,50,177,190,1387
203953,2014-15,00,1610612749,MIL,20.0,25,25,738.0,129,263,0.49,4,16,0.25,46,66,0.697,50,88,138,42,31,5,47,42,308
203956,2014-15,00,1610612760,OKC,23.0,32,2,485.0,88,165,0.533,0,2,0.0,25,40,0.625,53,112,165,14,16,16,31,72,201
203957,2014-15,00,1610612762,UTA,19.0,82,41,1817.0,145,416,0.349,83,264,0.314,20,32,0.625,27,104,131,198,41,14,118,147,393
203958,2014-15,00,1610612748,MIA,23.0,4,0,22.0,1,6,0.167,1,6,0.167,0,0,0.0,0,2,2,1,0,0,1,3,3
203960,2014-15,00,1610612755,PHI,22.0,74,32,1131.0,146,346,0.422,31,127,0.244,63,94,0.67,35,128,163,77,38,26,76,135,386
203961,2014-15,00,1610612758,SAC,23.0,3,0,2.0,1,1,1.0,0,0,0.0,0,0,0.0,0,1,1,0,0,0,0,1,2
203963,2014-15,00,1610612754,IND,24.0,20,0,108.0,19,42,0.452,1,6,0.167,18,23,0.783,10,19,29,6,5,2,5,18,57
203991,2014-15,00,1610612745,HOU,21.0,12,0,90.0,14,29,0.483,0,0,0.0,4,23,0.174,10,26,36,2,1,9,5,14,32
203994,2014-15,00,1610612743,DEN,20.0,62,27,1103.0,171,383,0.446,0,2,0.0,84,132,0.636,125,257,382,50,52,68,86,207,426
203998,2014-15,00,1610612761,TOR,19.0,8,0,23.0,4,12,0.333,2,3,0.667,0,0,0.0,1,1,2,0,0,1,4,3,10
204014,2014-15,00,1610612754,IND,29.0,68,2,1047.0,119,263,0.452,69,170,0.406,16,23,0.696,8,39,47,53,16,5,47,79,323
204020,2014-15,00,1610612748,MIA,23.0,32,2,603.0,70,167,0.419,18,48,0.375,32,47,0.681,14,67,81,42,33,9,30,42,190
204025,2014-15,00,1610612755,PHI,24.0,6,3,171.0,13,43,0.302,3,11,0.273,5,15,0.333,4,15,19,43,6,0,18,16,34
204025,2014-15,00,1610612757,POR,24.0,5,0,68.0,8,18,0.444,2,6,0.333,5,6,0.833,2,7,9,17,2,0,7,10,23
204025,2014-15,00,0,TOT,24.0,11,3,240.0,21,61,0.344,5,17,0.294,10,21,0.476,6,22,28,60,8,0,25,26,57
204028,2014-15,00,1610612745,HOU,23.0,25,12,393.0,45,83,0.542,0,1,0.0,15,29,0.517,58,69,127,8,6,2,19,56,105
204028,2014-15,00,1610612747,LAL,23.0,38,27,803.0,112,190,0.589,0,0,0.0,50,89,0.562,84,157,241,34,13,22,29,102,274
204028,2014-15,00,0,TOT,23.0,63,39,1195.0,157,273,0.575,0,1,0.0,65,118,0.551,142,226,368,42,19,24,48,158,379
204037,2014-15,00,1610612752,NYK,24.0,51,1,672.0,84,209,0.402,11,30,0.367,20,26,0.769,31,75,106,40,15,11,35,55,199
204038,2014-15,00,1610612752,NYK,23.0,45,41,1457.0,204,511,0.399,62,176,0.352,63,78,0.808,37,153,190,150,52,12,61,129,533
204054,2014-15,00,1610612756,PHX,26.0,6,0,13.0,2,8,0.25,0,5,0.0,2,3,0.667,2,1,3,1,0,0,0,1,6
204054,2014-15,00,1610612748,MIA,26.0,10,1,62.0,9,22,0.409,3,9,0.333,1,2,0.5,3,2,5,4,2,0,5,5,22
204054,2014-15,00,0,TOT,26.0,16,1,75.0,11,30,0.367,3,14,0.214,3,5,0.6,5,3,8,5,2,0,5,6,28
204060,2014-15,00,1610612762,UTA,27.0,79,32,1673.0,147,354,0.415,72,202,0.356,30,40,0.75,22,153,175,182,72,10,98,124,396
204079,2014-15,00,1610612755,PHI,24.0,9,0,71.0,8,19,0.421,0,3,0.0,1,2,0.5,7,11,18,2,1,0,8,7,17
